70060048;SA;1
40030038;SA;1
20020004;sEA;1
60030020;HC;1
70030049;sEA;200000
80040020;BF;0
60020013;BF;0
70030016;BT;1
80040019;BT;1
50020030;sEA;1
70030028;BF;0
80040020;BT;1
60050010;sEA;1
80060029;sEA;1
60020013;BT;1
80050040;sEA;1
50040030;SA;1
50050014;sEA;1
80040019;BF;0
70030016;BF;0
70030028;BT;5
50020028;HC;1
70060036;SA;1
30020035;SA;1
80050026;HC;1
60050033;SA;1
80070039;SA;1
30020038;sEA;1
70040023;HC;1
70030004;BT;1
80080033;sEA;1
50020041;BT;1
70050044;sEA;1
30020047;SA;1
70030002;sEA;1
70040011;HC;1
50020041;BF;0
60020025;BT;1
60030006;sEA;1
70040047;HC;1
80080024;sEA;1
60020025;BF;0
60030015;sEA;1
80060021;SA;1
80050038;HC;1
50030019;sEA;1
60050021;SA;1
80070027;SA;1
60050048;sEA;1
70050005;SA;1
50040042;SA;1
70030004;BF;0
60030032;HC;1
50020016;HC;1
80030045;sEA;1
40030026;SA;1
50020021;sEA;1
70050029;SA;1
60030032;BF;0
80030001;BF;0
60050001;sEA;1
40030002;SA;1
50020028;BT;1
80060038;sEA;1
60030032;BT;1
70040047;BF;0
80030001;BT;1
80040007;HC;1
80040044;BF;0
80070015;SA;1
50030047;HC;1
40030014;SA;1
70040047;BT;1
50030028;sEA;1
80060033;SA;1
20020013;sEA;1
50040017;SA;1
80040020;HC;1
80040044;BT;9
60030007;HC;1
60040014;SA;1
70050030;SA;1
70030004;HC;1
70050017;SA;1
80060045;SA;1
60020001;BF;0
50020016;BT;1
80040032;BT;6
50020004;HC;1
60030044;BT;5
40020020;HC;1
40020032;SA;1
60020001;BT;1
30030030;SA;1
80070003;SA;1
80040032;BF;0
60030044;BF;0
50020028;BF;0
70040035;HC;80
70030020;sEA;1
60030019;HC;364
80050002;SA;1
40040020;sEA;1
80080046;SA;1
60040002;SA;1
80040019;HC;1
40020034;sEA;1
30030029;SA;1
60050045;SA;1
40020019;HC;1
40040045;SA;1
50030035;HC;1
50040029;SA;1
30020047;sEA;1
50020004;BF;0
60030007;SA;1
80060047;sEA;200000
70050017;HC;1
80040005;sEA;1
80030027;sEA;1
40020044;BF;0
50050032;sEA;1
50030011;HC;1
50030047;BT;1
80080034;SA;1
60040050;sEA;1
20020014;SA;1
60020037;HC;1
50050024;SA;1
40020044;BT;1
70070031;SA;1
80040044;HC;106
80030025;BT;1
30030017;SA;1
70040011;BT;1
60020025;HC;1
50050036;SA;1
80030025;BF;0
50020016;BF;0
70040011;BF;0
80030001;HC;1
80030049;BF;0
80050014;SA;1
70050029;HC;1
60020046;sEA;1
70050042;BF;0
80060008;HC;1
80030049;BT;1
80050026;SA;1
30020029;sEA;1
50030035;BT;1
50050012;SA;1
80080022;SA;1
80030013;BT;1
50030023;HC;1
60030019;SA;4
30030005;SA;1
70050042;BT;1
80030013;BF;0
80040032;HC;18
50040005;SA;1
80030050;BT;1
70020042;sEA;1
40020016;sEA;1
50030047;BF;0
20020026;SA;1
80050031;sEA;1
60020050;BF;0
70070043;SA;1
60030020;SA;1
60060008;sEA;1
60020050;BT;1
50020004;BT;1
50050005;sEA;1
40020020;SA;1
50050048;SA;1
40020032;HC;1
80030050;BF;0
80020018;BF;0
60020049;BF;0
60040026;SA;1
40020019;SA;1
50040029;HC;1
80070039;HC;1
70060012;SA;1
70040018;sEA;1
80030025;HC;1
50040030;HC;1
70040035;BF;0
40020043;sEA;1
80080009;SA;1
50050041;sEA;1
50020003;sEA;1
70040035;BT;9
70070021;sEA;1
80050038;SA;1
80020006;BT;1
20020031;sEA;1
50030011;BT;1
60030044;HC;84
40040011;sEA;1
40020044;HC;1
50030011;BF;0
60020049;BT;1
70030011;sEA;200000
50030035;BF;0
80030036;sEA;1
20020038;SA;1
60020001;HC;1
70050042;HC;1
40040049;sEA;1
70060022;sEA;1
50040042;HC;1
60030024;sEA;1
70040023;BF;0
80080042;sEA;1
70050030;HC;1
70040023;BT;1
60020037;BF;0
80020006;BF;0
80040007;SA;1
60040038;SA;1
70050017;sEA;1
80080015;sEA;1
80070027;HC;1
70060024;SA;1
80030013;HC;1
60020037;BT;1
50030037;sEA;1
60020013;HC;1
80060008;BT;1
50030023;BT;1
80080010;SA;1
80030037;BT;1
80030037;BF;0
50030023;BF;0
40020007;SA;1
30020035;BF;0
40040045;HC;1
70040027;sEA;1
40030038;BT;1
50050048;HC;1
70030016;SA;1
50040005;HC;1
30030042;HC;1
60020013;SA;1
60040032;sEA;1
70030028;SA;3
50040036;sEA;1
50040030;BF;0
30020035;BT;1
80020037;SA;1
50040030;BT;1
30030016;sEA;1
40030038;BF;0
70030004;SA;1
50040017;HC;1
40030026;BF;0
30020047;BT;1
80020049;SA;1
60030042;sEA;1
40040033;HC;1
60020025;SA;1
30020011;HC;1
80020013;SA;1
80080003;BT;1
60060008;BF;0
40030012;sEA;1
50040042;BT;1
50050024;HC;1
80060021;BF;0
40030002;HC;1
80080003;BF;0
40030026;BT;1
30020047;BF;0
70020046;HC;1
40040002;sEA;1
50040042;BF;0
80060021;BT;1
60030032;SA;1
30020023;HC;1
20020007;BF;0
50040017;BF;0
40030021;sEA;1
80070040;HC;1
40030014;BF;0
70070024;BF;0
40030002;BT;1
70020022;HC;1
70050008;sEA;1
40030014;BT;1
60060021;BF;0
70070024;BT;1
40030002;BF;0
70040047;SA;1
70020033;sEA;1
60060008;BT;1
60060021;BT;1
40020007;sEA;1
80060033;BT;1
20020007;BT;1
50040017;BT;1
80060033;BF;0
80020028;sEA;1
40020032;BF;0
70020046;BF;0
70020015;sEA;1
70070036;BF;0
80060045;BT;1
20020019;BT;1
50040029;BF;0
60020049;HC;1
70020034;HC;1
80050013;sEA;1
30020035;HC;1
40040045;BF;0
80060045;BF;0
60020001;SA;1
60030044;SA;9
50030046;sEA;1
70020046;BT;1
40020032;BT;1
60020050;HC;1
70060013;sEA;1
50050036;HC;1
40040021;HC;1
80050002;BT;1
80020025;SA;1
80080006;sEA;1
20020040;sEA;1
80050002;BF;0
70070036;BT;1
50040027;sEA;1
20020019;BF;0
40040045;BT;1
50040029;BT;1
70070030;sEA;1
80050014;BF;0
80070025;sEA;1
60060008;HC;1
40020007;HC;1
60060045;BT;1
50050036;BF;0
60040049;sEA;1
50050024;BT;1
80060021;HC;1
60020007;sEA;1
50020012;sEA;1
60050002;BF;0
40040021;SA;1
70030041;HC;1
50050024;BF;0
50050036;BT;1
70020022;BF;0
60050002;BT;1
60060017;sEA;1
40040033;SA;1
60050039;sEA;1
70020022;BT;1
80050014;BT;1
70020003;sEA;1
30020047;HC;1
70040011;SA;1
60060045;BF;0
80050026;BT;1
50050012;BT;1
80060033;HC;1
50050048;BF;0
60060033;BF;0
70050042;SA;1
60060044;sEA;1
70020009;HC;1
50040005;BF;0
70050035;sEA;1
70020034;BT;1
40020020;BT;1
30030042;SA;1
80070028;sEA;1
50040005;BT;1
70020010;HC;1
70030016;HC;1
70060040;sEA;1
50050012;BF;0
70020034;BF;0
80050026;BF;0
40030038;HC;1
50050048;BT;1
60020050;SA;1
40020020;BF;0
60060033;BT;1
80030018;sEA;1
60060033;HC;1
60050026;BT;1
40030026;HC;1
40020019;BT;1
70020009;BF;0
70070012;BT;1
80050038;BT;1
80050002;HC;1
70040035;SA;4
80050038;BF;0
70020009;BT;1
70070012;BF;0
80020050;SA;1
70030041;BF;0
30020011;SA;1
60040005;sEA;1
40020019;BF;0
70030041;BT;1
60020049;SA;1
80040050;sEA;1
50050012;HC;1
80060045;HC;1
60050026;BF;0
40020007;BF;0
70020010;BT;1
80050014;HC;1
60050014;BF;0
70040023;SA;1
70020010;BF;0
70030028;HC;8
60060021;HC;1
80040007;BT;1
40040008;SA;1
40030014;HC;1
60020037;sEA;1
70030050;sEA;377
30030043;sEA;1
80070040;SA;1
60020037;SA;1
70070003;sEA;1
80040007;BF;0
80060008;SA;1
40020007;BT;1
40030024;sEA;1
30020023;SA;1
80040023;sEA;1
80020011;sEA;1
60050014;BT;1
60020007;SA;1
40030007;HC;1
70060017;HC;1
30030028;sEA;1
50020047;SA;1
40030044;BF;0
70050005;sEA;1
40030044;BT;1
80030044;HC;1
40030019;HC;1
80040002;SA;12
40040037;sEA;1
60050009;sEA;1
80030032;HC;1
40020001;BT;1
80020037;BT;1
40020001;BF;0
80020037;BF;0
80040026;sEA;1
50020035;SA;1
80050045;SA;1
40030032;BF;0
70060042;BF;0
80020049;BF;0
80020049;BT;1
40030032;BT;1
80020013;BT;1
70060030;HC;1
70060042;BT;1
50040024;sEA;1
60020019;SA;1
80020013;BF;0
60050018;sEA;1
40040028;sEA;1
80030020;HC;1
70050011;BT;1
80040014;SA;1
70050011;BF;0
70060029;HC;1
50040009;sEA;1
20020044;HC;1
70050014;sEA;1
80060021;sEA;1
60030026;SA;1
40040026;HC;1
40030019;BT;1
60060003;BT;1
80040038;SA;12
40020037;BF;0
70050035;BT;1
70050047;BF;0
80020013;HC;1
40030020;BT;1
80020046;sEA;1
40030033;sEA;1
70030041;sEA;1
40020037;BT;1
70070024;SA;1
60020034;sEA;1
50020023;SA;1
20020007;SA;1
70040004;BF;0
40030020;BF;0
40040038;HC;1
40030007;BT;1
60060003;BF;0
70050011;HC;1
20020019;SA;1
60050040;sEA;1
80040026;SA;1
70050023;BF;0
40020049;BF;0
70050023;BT;1
70020046;SA;1
60030038;SA;1
50040033;sEA;1
60060015;BT;1
40040046;sEA;1
60020044;HC;1
50020011;SA;1
70050035;BF;0
80020025;BF;0
60060015;BF;0
70070012;HC;1
80020001;HC;1
40030019;BF;0
80020025;BT;1
70060042;HC;1
40020049;BT;1
70070036;SA;1
70040010;sEA;1
40040038;SA;1
70040045;sEA;1
60060039;BF;0
70050023;sEA;1
70070048;BT;1
70030032;sEA;277
70060005;BF;0
80030019;SA;1
80030020;SA;1
50020047;sEA;1
70060005;BT;1
20020020;BT;1
60020019;sEA;1
20020020;BF;0
70020022;SA;1
70060016;sEA;1
80020049;HC;1
40020013;HC;1
60060039;BT;1
20020044;BF;0
30030046;sEA;1
50030029;SA;1
50030042;SA;1
40040026;SA;1
70070048;BF;0
70060017;BF;0
80030007;SA;1
70030019;sEA;1
70030028;sEA;293
40020001;HC;1
80070037;sEA;1
60020044;SA;1
70070024;HC;1
20020007;HC;1
60060027;BF;0
30030042;BT;1
40030044;HC;1
50030030;SA;1
80030044;SA;1
40030042;sEA;1
30030042;BF;0
60060027;BT;1
50020047;HC;1
80020050;HC;1
60060003;HC;1
70060017;BT;1
80040041;sEA;1
20020032;BT;1
20020032;BF;0
50050035;sEA;1
80030015;sEA;1
70020034;SA;1
60020032;SA;1
80020001;SA;1
70070036;HC;1
70060029;BT;1
80020025;HC;1
20020020;HC;1
70070012;SA;1
60040023;sEA;1
60060027;HC;1
80070016;sEA;1
80060015;SA;1
40020025;BT;1
60030045;sEA;200000
40040002;SA;1
80060003;sEA;284
50020038;sEA;1
30020011;BF;0
60060015;HC;1
50030005;SA;1
40020025;BF;0
80020050;BT;1
20020019;HC;1
30020011;BT;1
70020009;SA;1
70030041;SA;1
30020012;sEA;1
60020020;SA;1
70060029;BF;0
80020050;BF;0
40030032;HC;1
50040048;SA;1
50020035;HC;1
80050010;sEA;1
50040042;sEA;1
80020037;HC;1
50020023;HC;1
20020044;BT;1
80050004;sEA;1
40020013;BT;1
40030020;HC;1
20020032;HC;1
30020023;BF;0
60060040;BT;1
60050008;BF;0
60060035;sEA;1
80030032;SA;1
80060003;SA;3
70020010;SA;1
60060040;BF;0
70060005;HC;1
70060030;BT;1
50030017;SA;1
40040014;SA;1
80070040;BF;0
60050008;BT;1
70070048;HC;1
70060030;BF;0
40020013;BF;0
80070040;BT;1
80020037;sEA;1
30020023;BT;1
60050045;BF;0
50050050;sEA;1
60050008;HC;1
80030009;sEA;1
80060008;BF;0
80050021;HC;1
50020011;HC;1
80070015;HC;1
50020047;BT;1
50040024;SA;1
60040002;BF;0
80070007;sEA;1
70040041;HC;28
80040002;BT;6
70030034;BT;1
80070046;SA;1
30030030;HC;1
50020047;BF;0
80040002;BF;0
30020029;SA;1
60050033;BF;0
70030034;BF;0
80040026;BF;0
80070039;BT;1
20020039;sEA;1
80020020;sEA;1
50050026;sEA;1
60050033;BT;1
80050033;HC;1
70030046;BF;0
60060039;HC;1
80070039;BF;0
50020035;BT;1
70030010;BT;1
80050045;BT;1
70060042;SA;1
30020003;sEA;1
50020035;BF;0
80050045;BF;0
70060031;sEA;1
50030042;HC;1
70030046;BT;1
30020030;SA;1
70030010;BF;0
80080046;HC;1
30030029;HC;1
70040028;HC;1
50050011;sEA;1
20020007;sEA;1
60050021;BF;0
70030009;BT;1
60060040;HC;1
80070003;HC;1
40040002;BF;0
70020003;BF;0
80070027;BT;1
70020003;BT;1
50040036;SA;1
60050021;BT;1
70050011;SA;1
80040014;BT;1
80040014;BF;0
60040026;BF;0
60060003;SA;1
60050033;HC;1
50030029;HC;1
50030030;HC;1
50050043;SA;1
80070027;BF;0
30030017;HC;1
80040002;HC;21
80040038;BT;6
70050035;SA;1
30020042;SA;1
80060027;SA;1
80080034;HC;1
80070015;BT;1
70030010;HC;1
80030007;BF;0
50020023;BT;1
50020023;BF;0
80040032;sEA;200000
60040014;BT;1
80040026;BT;1
30030007;sEA;1
50040012;SA;1
80040014;HC;1
60040014;BF;0
70050023;SA;1
30030030;BT;1
60020028;sEA;1
60060015;SA;1
40020040;sEA;1
60050021;HC;1
70030009;HC;1
80070003;BT;1
30030030;BF;0
80070015;BF;0
80070046;sEA;1
60060026;sEA;1
80040038;BF;0
30030005;HC;1
70030022;BF;0
80080046;BT;1
50020011;BF;0
60040002;BT;1
70060007;sEA;1
80050045;HC;1
30030029;BT;1
60050045;BT;1
70030022;BT;5
80060039;SA;1
80080022;HC;1
50020011;BT;1
40040038;BT;1
70070048;SA;1
80060012;sEA;1
60040014;HC;1
50040048;HC;1
30030029;BF;0
60030007;BT;1
80030020;BF;0
80080034;BT;1
80080046;BF;0
70040016;BT;1
50030005;HC;1
50050018;SA;1
70040028;BF;0
80030019;BT;1
60030036;sEA;1
60040014;sEA;1
50030025;sEA;1
40020044;SA;1
80030020;BT;1
70050035;HC;1
20020020;SA;1
30030017;BT;1
50030042;BT;1
70060005;SA;1
80060040;SA;13
80070003;BF;0
60030019;BF;0
80040038;HC;54
40040002;HC;1
40040026;BT;1
50030042;BF;0
80050008;SA;1
50030029;BT;1
60040026;HC;1
60060039;SA;1
50040018;sEA;1
50050006;SA;1
50050031;SA;1
80080022;BT;1
80030007;BT;1
40030007;BF;0
70040004;BT;1
80080010;HC;1
60050045;HC;1
30020044;sEA;1
60040002;HC;1
60050031;sEA;1
40040014;HC;1
80030039;sEA;1
30030017;BF;0
60030019;BT;7
50030017;HC;1
30030005;BT;1
60060027;SA;1
60040038;HC;1
80030019;BF;0
80030044;BF;0
80080034;BF;0
70040016;BF;0
70040041;BF;0
70050047;BT;1
50030030;BF;0
60030020;BT;1
70050023;HC;1
40040038;BF;0
70040041;BT;6
20020032;SA;1
80030044;BT;1
60030021;sEA;1
70060017;SA;1
80080009;HC;1
50030030;BT;1
60030020;BF;0
80040026;HC;1
20020022;sEA;1
30030037;sEA;1
70040036;sEA;1
70060029;SA;1
60040026;BT;1
80020001;BF;0
40040002;BT;1
70030009;BF;0
80080009;BT;1
50030017;BF;0
40040014;BF;0
80020001;BT;1
80040002;sEA;200000
40020025;sEA;1
40030003;sEA;1
80080009;BF;0
80030024;sEA;1
80050021;SA;1
50040024;HC;1
50030005;BT;1
30030005;BF;0
60040038;BF;0
70040016;HC;1
80030019;HC;1
50040048;BT;1
80080022;BF;0
20020044;SA;1
40040026;BF;0
50030029;BF;0
80030032;BT;1
70060048;sEA;1
70020024;sEA;1
70050047;HC;1
80030032;BF;0
60060040;SA;1
50040036;HC;1
80040017;sEA;1
60040038;BT;1
40040014;BT;1
70040028;BT;1
50030017;BT;1
60020043;sEA;1
60050008;SA;1
80080010;BT;1
80050033;SA;1
40040050;sEA;1
70060030;SA;1
80030007;HC;1
60030007;BF;0
70040004;HC;1
80080010;BF;0
80020012;HC;1
80080008;BF;0
60060023;sEA;1
30020029;BF;0
50030043;sEA;1
80070034;BT;1
80050016;sEA;1
40030021;BF;0
60060046;HC;1
80070046;BF;0
70070049;HC;1
40030021;BT;1
70020036;sEA;1
80070034;BF;0
80020016;sEA;1
80020048;BF;0
80070046;BT;1
80020048;BT;1
50050043;HC;1
80020024;HC;1
80040037;SA;1
30020029;BT;1
70040015;sEA;1
50020006;sEA;1
80070009;HC;1
20020021;HC;1
80070022;BT;1
40040007;BF;0
80070004;sEA;1
30020030;BT;1
80070022;BF;0
30020005;BT;1
50030005;BF;0
30020030;BF;0
80040025;SA;11
60060034;HC;1
70070050;HC;1
20020033;HC;1
70020003;SA;1
30020005;BF;0
80020036;HC;1
80080008;BT;1
70040024;sEA;200000
70070015;sEA;1
40040007;BT;1
50020046;SA;1
50050018;HC;1
60060032;sEA;1
50030034;sEA;1
80020024;BF;0
70070013;HC;1
80070009;BT;1
30020017;HC;1
70050012;BT;1
50050043;BT;1
70050012;BF;0
70050024;BF;0
50050043;BF;0
80020024;BT;1
70020027;sEA;1
60040008;BT;1
80040050;SA;1
50020034;SA;1
80050007;sEA;1
60030037;SA;1
70050024;BT;1
60040035;sEA;1
30020042;BF;0
80070010;BT;1
70020027;HC;1
60030050;SA;1
80060044;sEA;1
30020042;BT;1
80070010;BF;0
70020040;HC;1
80040049;SA;4
30020029;HC;1
80020036;BT;1
40040014;sEA;1
60060009;SA;1
70040006;sEA;1
60020002;sEA;1
50020022;SA;1
80020036;BF;0
70070001;HC;1
40030008;BT;1
20020045;HC;1
60040008;BF;0
80070046;HC;1
50020015;sEA;1
70020039;HC;1
80070009;BF;0
40030008;BF;0
30020030;HC;1
50050031;HC;1
60030049;SA;1
70070025;BT;1
40030045;HC;1
50020010;SA;1
30030011;sEA;1
60060022;SA;1
80050008;BF;0
60060041;sEA;1
40020050;SA;1
30030041;BF;0
60050007;BT;1
40040007;HC;1
30020042;HC;1
20020008;BT;1
50050018;BT;1
60040008;HC;1
70020039;BT;1
40040044;BT;1
60060005;sEA;1
30030041;BT;1
70040016;SA;1
70020003;HC;1
70070037;BF;0
50020024;sEA;1
50050018;BF;0
70020039;BF;0
60050019;BF;0
70050038;sEA;1
60040045;BT;1
80050008;BT;1
70040033;sEA;1
70070006;sEA;1
70070013;SA;1
60040045;BF;0
60060010;SA;1
70020015;HC;1
70040004;SA;1
20020021;BT;1
40040032;BF;0
50050006;BT;1
50050031;BT;1
20020021;BF;0
40040032;BT;1
50050031;BF;0
40040020;HC;1
70070037;BT;1
70070049;BF;0
40030033;HC;1
30030031;sEA;1
60040021;HC;1
40040019;HC;1
50020009;SA;1
70070001;SA;1
70020040;BT;1
40040044;BF;0
70040041;SA;10
60050007;BF;0
70020040;BF;0
40040032;sEA;1
50050006;BF;0
70070050;BT;1
70030029;SA;3
40040019;BT;1
60050032;BF;0
70030005;sEA;1
70070050;BF;0
20020033;BT;1
20020045;BF;0
60060014;sEA;1
80020048;HC;1
60050032;BT;1
80050025;sEA;1
70070049;BT;1
70030030;SA;3
60040021;BF;0
20020033;BF;0
20020045;BT;1
60060046;SA;1
80050021;BF;0
40030021;HC;1
60040021;BT;1
50050006;HC;1
60040017;sEA;1
40030008;HC;1
30030041;HC;1
70020015;BF;0
80020012;SA;1
60050007;HC;1
70020015;BT;1
70070025;HC;1
80070022;sEA;1
80080009;sEA;1
40040019;BF;0
80050021;BT;1
20020008;HC;1
40030045;BT;1
50020046;HC;1
80050008;HC;1
70070035;sEA;1
60050020;BF;0
80020043;sEA;1
70020027;BT;1
40030045;BF;0
40040005;sEA;1
70030042;SA;7
60050019;BT;1
60050020;BT;1
80060019;BF;0
60060034;SA;1
30020017;SA;1
60040033;BT;1
40030033;BF;0
80060019;BT;1
80050033;BT;1
40030033;BT;1
20020010;sEA;1
70070037;HC;1
60040044;sEA;1
80080036;sEA;1
60040033;BF;0
70040028;SA;1
40040020;BF;0
80060014;SA;1
40040020;BT;1
70020027;BF;0
80050033;BF;0
80040037;BF;0
50040021;sEA;1
60020007;BT;1
50020034;HC;1
80040038;sEA;200000
80070034;SA;1
50040047;SA;1
40040041;sEA;1
40020001;SA;1
70030037;sEA;1
80040037;BT;1
60020007;BF;0
60050020;HC;1
80050039;SA;1
80030026;HC;1
70060023;HC;1
40020031;sEA;1
80030014;HC;1
70030023;BF;0
50020042;sEA;1
80070022;SA;1
40030036;sEA;1
80060026;SA;1
40030027;sEA;1
30020005;SA;1
60050044;BT;1
70030023;BT;5
60020019;BT;1
80060007;BT;1
30030040;sEA;1
60050044;BF;0
50020022;HC;1
70060035;HC;1
80040025;BT;7
60020019;BF;0
80060007;BF;0
80040025;BF;0
60050022;sEA;1
70050048;HC;1
80040001;HC;1
80080008;SA;1
80050040;SA;1
50020046;BF;0
60050019;HC;1
50020046;BT;1
30030002;sEA;1
50040012;sEA;1
60030012;sEA;1
50020009;HC;1
70050012;SA;1
70040009;BF;0
80070009;SA;1
60040033;HC;1
80080045;sEA;1
80060038;SA;1
80040025;HC;33
40020037;SA;1
60050013;sEA;1
20020001;sEA;1
30030028;HC;1
60040008;SA;1
80040013;HC;1
80040050;BT;1
50020034;BT;1
60050044;HC;1
50020034;BF;0
70040009;BT;1
70050024;SA;1
50020010;HC;1
50040023;SA;1
80070010;SA;1
80080045;HC;1
80040050;BF;0
50040035;SA;1
80030048;sEA;1
80040049;BT;7
50020022;BT;1
60040045;HC;1
70070044;sEA;1
80080033;HC;1
70060047;HC;1
50020022;BF;0
40020025;HC;1
70030011;BT;6
50050019;sEA;1
80050045;sEA;1
60050032;HC;1
70050047;sEA;1
80030038;HC;1
40020049;SA;1
30030016;HC;1
70030011;BF;0
80040049;BF;0
60040008;sEA;1
50030048;SA;1
30020021;sEA;1
60020020;HC;1
30030004;HC;1
50020010;BF;0
40020050;BT;1
60050007;SA;1
70070025;SA;1
80040050;HC;1
70050048;BT;1
50030024;SA;1
20020008;SA;1
70020018;sEA;1
40020050;BF;0
80080021;HC;1
50020010;BT;1
60050027;sEA;1
70020039;SA;1
60020019;HC;1
50030036;SA;1
50050044;sEA;1
80030014;SA;1
70060028;sEA;1
60040045;SA;1
60020032;HC;1
70060011;BT;1
70050048;BF;0
70060011;BF;0
80040049;HC;57
80080045;BT;1
20020021;SA;1
70060023;BT;1
70050036;BF;0
60020044;BT;1
80060008;sEA;1
80040037;HC;1
40020037;HC;1
30030028;BT;1
60030006;HC;1
60020044;BF;0
50020009;BF;0
70070037;SA;1
40020048;sEA;1
80030002;SA;1
70050020;sEA;1
50020009;BT;1
50040011;SA;1
60030031;BF;0
80070034;HC;1
70060025;sEA;1
70020040;SA;1
80020025;sEA;1
30030028;BF;0
70050012;HC;1
80080045;BF;0
80080018;sEA;1
70060023;BF;0
80070013;sEA;1
70050036;BT;1
60030031;BT;1
80040001;SA;1
30020024;sEA;1
80080033;BF;0
70050036;HC;1
70020045;sEA;1
70030023;sEA;275
40020049;HC;1
60020032;BF;0
30030016;BT;1
60030029;sEA;1
80030038;SA;1
20020033;SA;1
60020050;sEA;1
60030006;BF;0
60050032;SA;1
70060035;BT;1
70060047;BF;0
70070050;SA;1
40020025;SA;1
60020032;BT;1
60020022;sEA;1
20020045;SA;1
40020050;HC;1
30020005;HC;1
70060035;BF;0
80020012;BT;1
60040021;SA;1
70070049;SA;1
70060047;BT;1
60020020;BT;1
60030006;BT;1
80080033;BT;1
60020020;BF;0
80070022;HC;1
70020015;SA;1
80020012;BF;0
50040035;HC;1
30030016;BF;0
80030026;SA;1
50030012;SA;1
80070010;HC;1
70020027;SA;1
30030004;BF;0
60050020;SA;1
40020013;SA;1
70060011;HC;1
60030018;BF;0
70050024;HC;1
80030031;sEA;1
50050002;sEA;1
60050019;SA;1
80040013;SA;1
80080008;HC;1
30020017;BF;0
80080021;BT;1
60040033;SA;1
40020004;sEA;1
30020017;BT;1
50040047;HC;1
80030003;sEA;1
80080021;BF;0
80060035;sEA;1
50030005;sEA;1
60020007;HC;1
70040042;sEA;1
60030018;BT;1
30030004;BT;1
60050014;HC;1
80060014;BF;0
30020015;sEA;1
60020025;sEA;1
30020012;SA;1
50030048;HC;1
70060034;sEA;1
50040047;BT;1
80020043;SA;1
80070028;SA;1
50040011;HC;1
40020006;SA;1
70070047;sEA;1
80080001;sEA;1
50040047;BF;0
20020027;sEA;1
80050015;HC;1
80060026;BF;0
70020008;BF;0
80050039;BT;1
80060002;BT;1
70020008;BT;1
80070016;SA;1
80070041;SA;1
80060026;BT;1
80030021;sEA;1
70030023;SA;3
80040035;sEA;200000
50040023;HC;1
80050048;sEA;1
70040034;HC;1
80060002;BF;0
60050002;HC;1
50050029;sEA;1
80080003;SA;1
30020024;SA;1
80050027;HC;1
60050038;BT;1
50030036;HC;1
80050040;BF;0
80060038;BF;0
60020002;BF;0
40030008;sEA;1
60050038;BF;0
60020002;BT;1
40020031;SA;1
80050040;BT;1
80020018;SA;1
70040001;sEA;1
50040023;BF;0
30030023;HC;1
50050037;SA;1
60040003;SA;1
80050039;HC;1
60040027;HC;1
80080040;HC;1
80060038;BT;1
70070038;sEA;1
80050040;HC;1
60050038;HC;1
30020036;SA;1
70040009;SA;1
80080039;HC;1
50040023;BT;1
60020040;sEA;1
20020002;BF;0
80030006;sEA;1
80070004;SA;1
50030012;HC;1
40020043;SA;1
60040039;HC;1
80080027;HC;1
20020002;BT;1
50030048;BF;0
50040035;BT;1
50050050;SA;1
50050047;sEA;1
80050039;sEA;1
80030012;sEA;1
30030011;HC;1
50030020;sEA;1
50050049;SA;1
60040040;HC;1
20020014;BF;0
80020031;SA;1
30020048;SA;1
50030024;HC;1
60050026;HC;1
50030048;BT;1
70040046;HC;1
50040035;BF;0
70030011;SA;3
80060026;HC;1
70050048;SA;1
60020014;HC;1
30030035;SA;1
80080015;HC;1
60030013;BF;0
50030036;BF;0
50030024;BT;1
40020031;HC;1
60030013;BT;1
60030025;BF;0
80080003;HC;1
50030024;BF;0
30030034;sEA;1
50030036;BT;1
70040022;BF;0
20020045;sEA;1
50050001;SA;1
80080040;BF;0
70030035;HC;1
80060032;sEA;1
50030002;sEA;1
60050002;SA;1
80060038;HC;1
70060011;SA;1
80030014;BT;1
70040022;BT;1
60020026;HC;1
60040039;SA;1
80020002;sEA;1
80030014;BF;0
80080040;BT;1
30030023;BT;1
70060023;SA;1
60020038;BT;1
70040046;BF;0
80050003;SA;1
70040010;BT;1
80080039;BT;1
40020043;HC;1
30030047;SA;1
70040046;BT;1
30030023;BF;0
70030011;HC;10
60030037;BF;0
60040015;SA;1
60040040;SA;1
70030047;HC;69
70040010;BF;0
70070018;BT;1
80070028;HC;1
50040011;BT;1
70070018;BF;0
50040015;sEA;1
50040011;BF;0
60030025;BT;1
80030002;BF;0
30030011;BT;1
60020031;sEA;1
80080039;BF;0
60030001;HC;1
80030002;BT;1
70050036;SA;1
60050026;SA;1
70050030;sEA;1
70070006;BT;1
80080027;BF;0
60020026;BT;1
80040001;BF;0
30020006;sEA;1
30030019;sEA;1
70030035;BF;0
80030038;BT;1
80030002;HC;1
80050015;SA;1
60060049;sEA;1
70060043;sEA;1
60050036;sEA;1
70030035;BT;1
70040022;HC;1
30030011;BF;0
80040001;BT;1
70060035;SA;1
70060047;SA;1
80030038;BF;0
60020014;BF;0
60020038;BF;0
80070016;HC;1
70070006;BF;0
50050025;SA;1
80080027;BT;1
60030039;sEA;1
50050050;HC;1
60020014;BT;1
80070004;HC;1
50030012;BT;1
60030001;BF;0
80030026;BT;1
80030026;BF;0
50030012;BF;0
60030001;BT;1
80040013;BT;1
80080015;BF;0
60020002;HC;1
70040009;HC;1
80040013;BF;0
70070029;sEA;1
70030047;BF;0
60040027;SA;1
50050013;SA;1
80050027;SA;1
80080015;BT;1
70030047;BT;7
70040010;HC;1
40020018;SA;1
70050002;sEA;1
60050014;SA;1
70040034;BF;0
70040034;BT;1
70030023;HC;104
60020026;BF;0
80020043;BF;0
60050045;sEA;1
80040020;SA;1
20020038;HC;1
50050025;HC;1
60030003;sEA;386
30020012;BT;1
80020043;BT;1
40020006;BT;1
40020018;BF;0
70070012;sEA;1
70050005;BF;0
60030037;HC;1
80040019;SA;1
80020006;HC;1
40030021;SA;1
70030014;sEA;200000
30020024;BF;0
80060002;SA;1
50050037;HC;1
70050017;BF;0
50020018;sEA;1
60030049;HC;1
80070041;BF;0
80060017;sEA;1
70020008;SA;1
50020033;sEA;1
60050038;SA;1
80070041;BT;1
50020041;SA;1
50050013;HC;1
30020024;BT;1
30020036;BF;0
40020022;sEA;1
40020006;BF;0
40020031;BF;0
70050005;BT;1
60020002;SA;1
80070032;sEA;1
50050049;HC;1
80020018;BT;1
40020031;BT;1
80020019;sEA;1
80030033;SA;1
70020008;sEA;1
30030025;sEA;1
40040007;SA;1
70050029;BT;1
60030049;BF;0
50050037;BT;1
30020048;BF;0
50020028;SA;1
70020045;HC;1
60040041;sEA;1
40040008;sEA;1
70020010;sEA;1
40020043;BT;1
70050030;BT;1
40040044;HC;1
60030037;BT;1
50050049;BF;0
60030013;HC;1
80040029;sEA;1
70020033;HC;1
80040044;SA;4
30020036;BT;1
80080027;sEA;1
80030040;sEA;1
50040006;sEA;1
60030050;BF;0
70060004;BF;0
70070018;HC;1
40020043;BF;0
70050017;BT;1
30020012;HC;1
70050030;BF;0
60030050;BT;1
50050050;BF;0
70060004;BT;1
20020002;SA;1
80020018;HC;1
50020016;SA;1
80030045;SA;1
80060026;sEA;1
50020009;sEA;1
60060009;BT;1
40020013;sEA;1
50050049;BT;1
50050050;BT;1
60030025;HC;1
80040032;SA;11
70050005;HC;1
40020039;sEA;1
40030008;SA;1
70060016;BF;0
80020031;BT;1
30020024;HC;1
30020048;BT;1
60030048;sEA;200000
40040032;HC;1
80020031;BF;0
70050029;BF;0
80070041;HC;1
60030049;BT;1
60020038;HC;1
70030046;sEA;1
60060009;BF;0
30030035;BF;0
70070006;HC;1
30030035;BT;1
60060022;BT;1
50050013;BF;0
20020014;BT;1
30020036;HC;1
20020026;BF;0
70070031;BF;0
70040009;sEA;1
70070031;BT;1
60030013;SA;1
40040044;SA;1
80080040;SA;1
70040022;SA;1
50050001;BT;1
60060034;BF;0
80050003;BF;0
40030045;sEA;1
80050022;sEA;1
80040044;sEA;200000
30030047;BF;0
60060010;BF;0
40040023;sEA;1
30030023;SA;1
60060010;BT;1
70050011;sEA;1
80050003;BT;1
80080039;SA;1
30030047;BT;1
20020038;BF;0
60020038;SA;1
70040046;SA;1
80060014;HC;1
80020034;sEA;1
40040032;SA;1
40020018;HC;1
40030017;sEA;1
70040010;SA;1
30020048;HC;1
50050001;BF;0
70070018;SA;1
80050015;BF;0
70020045;BF;0
20020026;BT;1
70070043;BF;0
60040026;sEA;1
60030025;SA;1
30030011;SA;1
70070043;BT;1
50040030;sEA;1
70020045;BT;1
50020004;SA;1
50050037;BF;0
70060019;sEA;1
20020002;HC;1
60060022;BF;0
70020021;HC;1
50040047;sEA;1
60060010;HC;1
60020016;sEA;1
80060002;HC;1
70020021;BF;0
60020026;SA;1
80020031;HC;1
40040019;SA;1
70070006;SA;1
80050027;BF;0
70020021;BT;1
80050015;BT;1
50050001;HC;1
70030035;SA;1
30020030;sEA;1
80020006;SA;1
60060009;HC;1
40020006;HC;1
50020041;HC;1
60060046;BT;1
20020014;HC;1
70070031;HC;1
80070049;sEA;1
20020038;BT;1
30030035;HC;1
50050025;BT;1
60060022;HC;1
80080027;SA;1
40030045;SA;1
60020014;SA;1
80050039;BF;0
50050025;BF;0
70020033;BT;1
60030001;SA;1
50050038;sEA;1
80060041;sEA;200000
50030011;sEA;1
70070043;HC;1
70020033;BF;0
60030050;HC;1
60060046;BF;0
60060034;BT;1
20020026;HC;1
20020036;sEA;1
40020018;BT;1
50050013;BT;1
80050027;BT;1
60050004;sEA;1
80080015;SA;1
70030047;SA;8
40030033;SA;1
80080010;sEA;1
80060014;BT;1
80020043;HC;1
80050003;HC;1
70020008;HC;1
70050028;sEA;1
30030047;HC;1
40040020;SA;1
70040034;SA;1
30020027;HC;1
60050037;HC;1
50050004;SA;1
80080014;SA;1
70020044;sEA;1
40020024;BF;0
60060007;SA;1
50020024;SA;1
80030021;HC;1
40020018;sEA;1
70060041;HC;1
40030031;HC;1
50040034;HC;1
70040031;SA;3
20020020;sEA;1
40020012;BF;0
60030027;SA;1
40020012;BT;1
80020002;BF;0
80060045;sEA;1
80050024;sEA;1
70040043;SA;1
60050049;HC;1
60030031;sEA;1
50050030;sEA;1
80080002;SA;1
40020036;BF;0
80020002;BT;1
50020012;SA;1
70070023;SA;1
80020026;BT;1
70060049;sEA;1
40020036;BT;1
80020026;BF;0
60030040;SA;1
80050006;BF;0
40030001;sEA;1
50040046;HC;1
30020040;HC;1
60050025;HC;1
60050050;HC;1
60060019;SA;1
40030018;HC;1
80030008;HC;1
70040018;SA;1
30020003;HC;1
60040043;sEA;1
40020050;sEA;1
80030033;BT;1
80020040;sEA;1
40020048;BF;0
30020039;HC;1
40030043;BF;0
80030033;BF;0
60030039;SA;1
80050006;BT;1
80030045;HC;1
40030043;BT;1
70070032;sEA;1
40020027;sEA;1
50040046;BF;0
80050018;BF;0
60050049;BT;1
60030003;SA;4
50040009;HC;1
80020002;HC;1
80020031;sEA;1
60040046;SA;1
40020048;BT;1
50030043;SA;1
60060032;SA;1
50050028;SA;1
70070035;SA;1
40030031;BF;0
50040034;BT;1
70060020;sEA;1
60050050;BF;0
40030031;BT;1
70070023;sEA;1
50040010;HC;1
80050018;BT;1
60050050;BT;1
70050037;sEA;1
70060002;sEA;1
50030031;SA;1
80030045;BF;0
80080017;sEA;1
60060020;SA;1
70060004;SA;1
80030033;HC;1
50050021;sEA;1
50050016;SA;1
80030038;sEA;1
80030045;BT;1
60030015;SA;1
70070047;SA;1
40030006;HC;1
80020014;BT;1
50040022;HC;1
40020036;HC;1
50040046;BT;1
80020014;BF;0
70050025;SA;1
50040010;BT;1
80050006;HC;1
80050043;BF;0
40040009;BF;0
70070014;sEA;1
50030018;SA;1
50040010;BF;0
50020048;HC;1
40020036;sEA;1
70060028;BF;0
70060016;BT;1
80050043;BT;1
60050013;SA;1
80020022;sEA;1
30020003;BT;1
40030006;SA;1
50050016;HC;1
30020015;SA;1
20020002;sEA;1
30020003;BF;0
40030018;SA;1
80030008;SA;1
80050031;BT;1
70070035;HC;1
80080038;HC;1
80020038;HC;1
70050013;SA;1
80050006;sEA;1
40040009;BT;1
80050031;BF;0
40020024;HC;1
80020014;HC;1
40040022;BF;0
60050001;SA;1
70040030;sEA;1
80050018;HC;1
60020005;BT;1
50040022;BT;1
50040034;BF;0
70070047;HC;1
50040022;BF;0
50020036;HC;1
50050041;HC;1
70060028;BT;1
80080026;HC;1
70030047;sEA;200000
70050046;sEA;1
40040010;BT;1
40040010;BF;0
70040031;HC;44
60060044;SA;1
70020045;SA;1
60030017;sEA;1
50050004;HC;1
80060004;SA;1
30020027;SA;1
80080035;sEA;1
60020005;BF;0
70060004;HC;1
70050050;SA;1
80050031;HC;1
80040024;BT;1
30020039;SA;1
80080002;HC;1
80040024;BF;0
70020021;SA;1
70040006;SA;1
70020035;sEA;1
40020012;HC;1
20020011;sEA;1
80050033;sEA;1
50050007;sEA;1
80020038;BT;1
80040012;sEA;1
80080038;BT;1
80020038;BF;0
40020009;sEA;1
30020049;sEA;1
70050049;SA;1
70070041;sEA;1
80030021;SA;1
70060016;HC;1
80040012;BT;1
50020024;HC;1
80080014;HC;1
50020048;BT;1
60050037;SA;1
80070035;SA;1
60060020;sEA;1
80050043;HC;1
80040012;BF;0
30030043;BT;1
50030006;SA;1
80080008;sEA;1
50020048;BF;0
30030032;sEA;1
50050041;BT;1
40030043;HC;1
30030043;BF;0
70050037;SA;1
50040009;BF;0
70040043;HC;1
30030005;sEA;1
80080026;BT;1
50050041;BF;0
70060028;HC;1
70020033;SA;1
70060041;BF;0
50020036;BT;1
60050025;SA;1
30020040;SA;1
80070001;sEA;1
80080038;BF;0
50040009;BT;1
80070023;SA;1
50050028;HC;1
80020026;HC;1
70060041;BT;1
50020012;HC;1
70070011;SA;1
40020024;BT;1
80060018;sEA;1
70020002;BF;0
50050004;BT;1
80040043;SA;1
60020042;BT;1
20020015;HC;1
60050037;sEA;1
30030049;SA;1
50020024;BT;1
50020036;BF;0
70020002;BT;1
80070028;BT;1
50020024;BF;0
70020001;sEA;1
40040017;sEA;1
60020042;BF;0
80080044;sEA;1
70030045;BF;0
60020005;sEA;1
30030018;HC;1
80070028;BF;0
50030043;HC;1
70030045;BT;1
80060041;HC;195
30030050;SA;1
60020005;HC;1
60030026;sEA;1
70030008;HC;1
70030021;HC;1
50030031;sEA;1
50050004;BF;0
50020010;sEA;1
50020012;BT;1
20020040;BF;0
30030006;HC;1
80070016;BT;1
50020012;BF;0
30020011;sEA;1
60020030;BF;0
30020020;sEA;1
60060019;sEA;1
70020014;BF;0
20020040;BT;1
70020014;BT;1
60020030;BT;1
60020017;HC;1
70030033;HC;93
80040007;sEA;1
30030031;BT;1
50030031;HC;1
50040013;sEA;1
80040031;SA;3
80070016;BF;0
20020027;HC;1
30030031;BF;0
40040041;SA;1
70070005;sEA;1
60050049;SA;1
70050006;BT;1
50030043;BT;1
70030021;BF;0
60040003;BT;1
60050028;sEA;1
80070047;SA;1
60040007;sEA;1
80070004;BF;0
70030021;BT;1
50030043;BF;0
50050028;BT;1
60020017;BT;1
80020013;sEA;1
60020029;BF;0
60050050;SA;1
50050028;BF;0
60020029;BT;1
20020039;HC;1
40040016;SA;1
60020017;BF;0
50030006;HC;1
50040022;sEA;1
70050006;BF;0
80070004;BT;1
60040003;BF;0
30030018;BT;1
70030033;BT;7
80060009;sEA;1
80060016;SA;13
30030041;sEA;1
80060050;sEA;200000
50030031;BF;0
70030033;BF;0
70050018;BT;1
50050016;BT;1
50030031;BT;1
40030026;sEA;1
70050018;BF;0
70040012;sEA;1
50050016;BF;0
80030016;sEA;1
40020045;sEA;1
40040028;SA;1
20020040;HC;1
30030018;BF;0
50030018;HC;1
80040021;sEA;1
80050042;sEA;1
50030018;BT;1
60040039;BF;0
80060028;SA;1
30030006;BF;0
20020003;BF;0
30020003;SA;1
40030006;BT;1
40030018;BF;0
80030008;BF;0
80070041;sEA;1
50050016;sEA;1
70060016;SA;1
30020015;BF;0
40030006;BF;0
20020003;BT;1
80030008;BT;1
30020015;BT;1
70030008;sEA;1
80070010;sEA;1
40030018;BT;1
60020023;sEA;1
30030006;BT;1
50030018;BF;0
70040029;sEA;200000
60040034;sEA;1
60040039;BT;1
60020035;sEA;1
20020015;BF;0
80060041;SA;4
30020027;BF;0
60020005;SA;1
60030040;sEA;1
60040040;BT;1
30030014;sEA;1
60040040;BF;0
80030004;sEA;1
80030047;sEA;1
60030008;BF;0
60040015;BT;1
80060036;sEA;1
60040015;BF;0
60030008;BT;1
70060028;SA;1
40030010;sEA;1
50020027;sEA;1
20020015;BT;1
30020027;BT;1
20020027;BT;1
70050006;sEA;1
30020039;BT;1
40040044;sEA;1
30020050;sEA;1
80080038;SA;1
60040015;HC;1
60020042;HC;1
70020017;sEA;1
80030021;BF;0
20020027;BF;0
70030038;sEA;1
30020039;BF;0
80030021;BT;1
70030008;BT;1
50040025;sEA;1
50030006;BT;1
60060001;BT;1
60060002;sEA;1
30020015;HC;1
60020029;HC;1
80080026;SA;1
20020039;BT;1
20020003;HC;1
60040027;BF;0
70060011;sEA;1
80050015;sEA;1
20020039;BF;0
60040027;BT;1
70060041;SA;1
30020040;BF;0
60040003;HC;1
70030008;BF;0
60020030;HC;1
50030048;sEA;1
60060001;BF;0
30020040;BT;1
50030006;BF;0
60020036;BT;1
80040043;BF;0
60020041;sEA;1
70040048;BT;1
70020002;SA;1
80050050;HC;1
60020036;BF;0
70050021;sEA;1
30030044;sEA;1
80070011;BT;1
80070023;BF;0
70070028;BF;0
70070016;BT;1
80040043;BT;1
30030013;HC;1
30030049;BT;1
80040006;HC;1
80020039;sEA;1
80070011;BF;0
60020048;BF;0
30020046;SA;1
70070016;BF;0
30030050;BT;1
70030026;sEA;200000
70070028;BT;1
70030045;SA;1
70040047;sEA;1
70040012;HC;1
60020024;BT;1
60060046;sEA;1
80030039;SA;1
60020017;sEA;1
70040036;BT;1
70060050;sEA;1
80070035;sEA;1
30030050;BF;0
60020024;BF;0
80030013;sEA;1
70070004;BT;1
60020012;HC;1
70040036;BF;0
20020040;SA;1
80040018;HC;1
40040046;SA;1
80020001;sEA;1
60050044;SA;1
70050043;HC;1
80030030;sEA;1
70020014;SA;1
30030001;HC;1
70030017;sEA;1
80030027;SA;1
80040031;BT;9
70040024;BF;0
70040024;BT;9
80070047;BF;0
80040031;BF;0
30030037;HC;1
80070026;sEA;1
70070004;BF;0
80020021;SA;1
30030025;BT;1
80050049;HC;1
70040036;HC;1
80050001;SA;1
80070047;BT;1
70050006;SA;1
80040031;HC;70
70030021;SA;1
30030025;BF;0
40040034;SA;1
30020014;sEA;1
70060009;BF;0
50040028;SA;1
30030049;HC;1
20020028;sEA;1
70070041;BF;0
30030013;BT;1
30030035;sEA;1
70060009;BT;1
80070018;sEA;1
70070041;BT;1
50040040;sEA;1
80060016;BF;0
40040022;SA;1
80020045;HC;1
50020036;sEA;1
30030050;HC;1
60060037;sEA;1
80060016;BT;11
70040024;HC;51
50040016;sEA;1
30020009;SA;1
40030009;sEA;1
70060010;BT;1
80050013;SA;1
30030001;BT;1
80030022;sEA;1
70060010;BF;0
50040041;SA;1
70070028;HC;1
30030013;BF;0
70030033;SA;4
70050018;SA;1
60020012;BT;1
70040038;sEA;1
80020008;SA;1
60020012;BF;0
80060028;BF;0
80030040;SA;1
70040048;BF;0
60040022;BF;0
40040035;sEA;1
70050031;BT;1
40020001;sEA;1
50040004;SA;1
80060028;BT;1
40030024;BF;0
60040022;BT;1
70020026;HC;1
70050031;BF;0
50050047;SA;1
60040010;BT;1
80030007;sEA;1
80050025;SA;1
20020003;SA;1
30030001;BF;0
60040010;BF;0
80070047;HC;1
40030024;BT;1
60050007;sEA;1
60040009;BT;1
60040034;BT;1
80080045;SA;1
70020038;HC;1
50040016;SA;1
80060041;BF;0
60040034;BF;0
40030012;BF;0
80060041;BT;13
50040007;sEA;1
60040046;BF;0
30020005;sEA;1
40030012;BT;1
70050003;sEA;1
60020048;HC;1
70070016;HC;1
80050037;SA;1
80060016;HC;77
50050023;SA;1
60050016;sEA;1
20020015;SA;1
60030003;BF;0
80040043;HC;1
70050006;HC;1
80070009;sEA;1
60040009;BF;0
80070050;sEA;1
60020024;HC;1
60040010;HC;1
20020027;SA;1
60020032;sEA;1
70020038;BF;0
40040026;sEA;1
70040012;BF;0
70030045;HC;1
70040012;BT;1
50020043;SA;1
20020046;sEA;1
70020026;BF;0
60040009;HC;1
80040006;SA;1
70020026;BT;1
70050018;HC;1
50040041;HC;1
70050031;HC;1
80080033;SA;1
50030001;sEA;1
60020036;HC;1
80020033;SA;1
80060028;HC;1
70020002;HC;1
70070004;HC;1
30030037;SA;1
40030035;sEA;1
50020031;SA;1
50050035;SA;1
80020045;SA;1
60060028;sEA;1
80050049;SA;1
70030008;SA;1
60020048;BT;1
20020039;SA;1
30030026;sEA;1
50020045;sEA;1
70050043;BF;0
80080021;SA;1
80050050;SA;1
50020002;sEA;1
70070020;sEA;1
70020014;HC;1
70050043;BT;1
80040018;SA;1
70060037;sEA;1
60020026;sEA;1
80070044;sEA;1
70020038;BT;1
40040022;HC;1
60020036;SA;1
60040040;sEA;1
50020018;SA;1
60040016;sEA;1
80080014;BT;1
60030039;BF;0
70040048;SA;1
60060007;BT;1
80020008;BF;0
80070011;SA;1
70070016;SA;1
70060046;sEA;1
30020046;BT;1
80040015;sEA;200000
30020022;HC;1
60040046;HC;1
70070028;SA;1
60030027;BT;1
80030015;HC;1
80080026;BF;0
40020012;SA;1
50040028;HC;1
60060007;BF;0
40040034;HC;1
70030030;sEA;292
60020024;SA;1
60030003;HC;43
80030039;BT;1
50020006;SA;1
80080002;BT;1
80050036;sEA;1
70040036;SA;1
40030044;sEA;1
80030039;BF;0
70070004;SA;1
40020036;SA;1
60030040;BT;1
50030050;SA;1
50030049;SA;1
60030040;BF;0
60060019;BT;1
40040046;BT;1
80060042;sEA;1
80020021;BF;0
80060010;sEA;1
80030027;BT;1
60030015;HC;1
30020034;HC;1
70040024;SA;10
60060019;BF;0
70060046;HC;1
80020021;BT;1
30030025;SA;1
80030003;HC;1
60030034;sEA;1
40030043;SA;1
60030039;BT;1
80080014;BF;0
50030040;sEA;1
80050001;BT;1
40040034;BT;1
50030037;SA;1
60030003;BT;5
80030039;HC;1
80050001;BF;0
60060032;BF;0
60040046;BT;1
40020048;SA;1
50040028;BT;1
30020046;HC;1
60060032;BT;1
60060044;BF;0
80040047;sEA;1
70070011;sEA;1
30030013;SA;1
50050011;SA;1
40040046;BF;0
50050047;HC;1
70070041;SA;1
60030015;BF;0
40030031;SA;1
70060009;SA;1
50040004;HC;1
50030025;SA;1
60040022;HC;1
40040022;BT;1
60050001;BF;0
80060001;sEA;1
60060020;BF;0
80060004;HC;1
50040041;BT;1
60060011;sEA;1
60060020;BT;1
80080002;BF;0
40040009;HC;1
70060010;SA;1
80050013;BT;1
80050025;BF;0
50040041;BF;0
30030001;SA;1
60030027;BF;0
80030027;HC;1
80050013;BF;0
60030015;BT;1
40040010;HC;1
70020009;sEA;1
20020008;BF;0
80020008;BT;1
60060007;HC;1
70020026;sEA;1
50020043;HC;1
80030040;BF;0
80030040;BT;1
70070050;sEA;1
60040025;sEA;1
40040034;BF;0
60040034;HC;1
60020012;SA;1
50040016;HC;1
80050037;BF;0
80070035;HC;1
70060034;BF;0
50040004;BT;1
60040022;SA;1
50050047;BT;1
50030001;SA;1
50050011;HC;1
60050013;BT;1
70050031;SA;1
80020021;HC;1
20020037;sEA;1
70070041;HC;1
50050024;sEA;1
60050025;BF;0
80050025;BT;1
60060032;HC;1
40020048;HC;1
60030040;HC;1
70060022;BF;0
70060022;BT;1
30030050;sEA;1
70020050;sEA;1
50040016;BF;0
60060019;HC;1
80050001;HC;1
80050049;BF;0
70060046;BF;0
50020031;HC;1
80060027;sEA;1
60040010;SA;1
40040009;SA;1
80080026;sEA;1
70060009;HC;1
60040009;SA;1
60040034;SA;1
50040016;BT;1
60030008;sEA;1
60050001;BT;1
70070026;sEA;1
30020010;SA;1
80020033;HC;1
80040006;BF;0
80070023;HC;1
80020008;HC;1
70060010;HC;1
40040010;SA;1
50030010;sEA;1
50030013;SA;1
50040028;BF;0
60050013;BF;0
80050013;HC;1
60060044;BT;1
50050023;BT;1
80050037;BT;1
50050035;HC;1
60050049;BF;0
60060020;HC;1
80060004;BT;1
70060034;BT;1
80040018;BF;0
80020048;sEA;1
50020043;BT;1
40020010;sEA;1
60050046;sEA;1
50020006;HC;1
80060004;BF;0
70060022;HC;1
50020043;BF;0
60030027;HC;1
80030015;SA;1
80040030;sEA;1
30020022;SA;1
80050025;HC;1
80030040;HC;1
70040012;SA;1
60050013;HC;1
80040006;BT;1
80020033;BT;1
80070011;HC;1
70050012;sEA;1
70040021;sEA;1
70020026;SA;1
50050035;BF;0
70040048;HC;1
80070035;BT;1
80020033;BF;0
60050037;BT;1
50030050;HC;1
30030037;BF;0
50020018;HC;1
70060034;HC;1
30030025;HC;1
80020045;BF;0
80050049;BT;1
80050021;sEA;1
50020031;BF;0
60030039;HC;1
80070035;BF;0
80030003;SA;1
50050035;BT;1
30030037;BT;1
50050023;HC;1
70060046;BT;1
40030018;sEA;1
70060005;sEA;1
60050037;BF;0
80050037;HC;1
60020048;SA;1
50020031;BT;1
30020034;SA;1
60060044;HC;1
80020045;BT;1
40040046;HC;1
80050050;BT;1
80070023;BT;1
50050047;BF;0
60050025;BT;1
50030049;HC;1
30030049;BF;0
70050043;SA;1
60050001;HC;1
80050050;BF;0
80040018;BT;1
70020038;SA;1
40020024;SA;1
50040004;BF;0
50040031;sEA;1
70020019;BF;0
60060007;sEA;1
60050002;sEA;1
50030025;HC;1
40020030;SA;1
70050032;HC;1
50020022;sEA;1
30030036;HC;1
70070005;BF;0
40030047;sEA;1
80020020;SA;1
80070005;SA;1
40040039;HC;1
60060002;BF;0
80020019;SA;1
40020029;SA;1
80040029;HC;1
60020031;SA;1
30030024;HC;1
40020042;sEA;1
40040027;HC;1
40040040;HC;1
80040017;HC;1
80040030;HC;1
20020041;SA;1
20020028;SA;1
50040048;sEA;1
70020019;BT;1
60020018;SA;1
50030037;HC;1
70030034;SA;1
30030048;HC;1
50030050;BF;0
80020007;SA;1
80020032;SA;1
60040016;HC;1
60040041;HC;1
60060014;BF;0
70030046;SA;1
40020017;SA;1
50030049;BT;1
50030050;BT;1
60030023;sEA;1
40040021;sEA;1
60040028;sEA;1
70030010;SA;1
40020042;SA;1
40040030;sEA;1
70050020;HC;1
80040042;BF;0
70020020;BF;0
70050029;sEA;1
60060002;BT;1
70030009;SA;1
70070029;BF;0
80040042;BT;1
30030012;HC;1
70020020;BT;1
50030037;BT;1
40040040;BT;1
50050023;BF;0
40040003;HC;1
70070029;BT;1
60060026;BT;1
40040040;BF;0
80060027;BF;0
80040004;sEA;1
50050011;BT;1
80060027;BT;1
80070042;SA;1
50030049;BF;0
70070030;BT;1
50030001;HC;1
60020049;sEA;1
60060038;BF;0
60040041;BT;1
50030025;BT;1
30030020;sEA;1
70070030;BF;0
60040041;BF;0
50040040;SA;1
40020005;SA;1
60060016;sEA;1
60060014;BT;1
70070042;BF;0
80060039;BF;0
70070042;BT;1
40040039;BF;0
50050011;BF;0
60060002;HC;1
70020007;BF;0
30030024;BT;1
80040042;HC;1
50030013;HC;1
60040019;sEA;1
80070030;HC;1
70020007;BT;1
60020006;SA;1
60030005;sEA;1
80020007;sEA;1
70030022;SA;8
30030024;BF;0
40040039;BT;1
60040028;HC;1
80060039;BT;1
50030037;BF;0
40040015;HC;1
70030003;sEA;1
50040001;sEA;1
70050044;HC;1
60060026;BF;0
80070029;HC;1
70050019;BF;0
50020004;sEA;1
40030001;BF;0
60060014;HC;1
80040005;SA;1
70070017;HC;1
30030012;BT;1
40040015;SA;1
50030001;BT;1
50030013;BF;0
50030001;BF;0
70030012;sEA;1
60040004;SA;1
80060040;BF;0
60030002;BF;0
50030045;sEA;1
70050007;BT;1
70050020;BF;0
70040017;sEA;1
60030002;BT;5
70060022;SA;1
40030029;sEA;1
70050020;BT;1
80060040;BT;11
40030013;BF;0
60060026;HC;1
80050018;sEA;1
70030046;HC;1
50040027;SA;1
30030012;BF;0
30020010;BF;0
50030025;BF;0
60040037;sEA;1
60040028;SA;1
50040039;SA;1
60030014;BF;0
30020010;BT;1
80070017;HC;1
30030049;sEA;1
80040017;SA;1
60060038;BT;1
40040027;SA;1
80060027;HC;1
20020041;HC;1
70070005;HC;1
80080050;sEA;1
50030013;BT;1
50030036;sEA;1
30030036;SA;1
50020031;sEA;1
60050020;sEA;1
40030001;BT;1
70050019;BT;1
70050050;sEA;1
20020048;sEA;1
60030014;BT;1
70060034;SA;1
70050044;BF;0
80040030;SA;1
80070030;BT;1
70050044;BT;1
80030042;sEA;1
80060039;HC;1
30020022;BF;0
50030016;sEA;1
80030015;BT;1
80030027;BF;0
20020004;SA;1
70040026;sEA;1
80070030;BF;0
50050033;sEA;1
80060040;HC;34
80030015;BF;0
70050007;HC;1
30020022;BT;1
70030022;HC;216
30020034;BF;0
80070005;HC;1
80080044;SA;1
60060034;sEA;1
50040003;SA;1
80020044;SA;1
70020029;sEA;1
50050013;sEA;1
30030048;SA;1
80070029;BT;1
70070017;BT;1
80030003;BT;1
70070017;BF;0
80070029;BF;0
70030034;HC;1
70050019;HC;1
80030003;BF;0
70060046;SA;1
30020046;BF;0
30020034;BT;1
40040012;sEA;1
80080032;SA;1
20020016;SA;1
60020011;sEA;1
70070008;sEA;1
60060038;HC;1
70050032;BT;1
70070005;BT;1
50040015;SA;1
80070017;BT;1
80040029;SA;1
60040016;SA;1
80080021;sEA;1
40020015;sEA;1
60020043;SA;1
70050032;BF;0
30020010;HC;1
50020042;SA;1
40040003;SA;1
30020041;SA;1
80020020;BF;0
60030014;HC;1
80080037;BF;0
40020030;BF;0
50050042;sEA;1
70040017;HC;1
50040040;HC;1
40020029;BT;1
40020030;BT;1
80050044;HC;1
80020020;BT;1
80030034;SA;1
80020019;BT;1
40030044;SA;1
80020019;BF;0
40020029;BF;0
80050032;HC;1
50020030;SA;1
80030046;SA;1
80080037;BT;1
30020009;HC;1
50040039;HC;1
70020019;SA;1
40020017;BT;1
40020042;BT;1
80020007;BT;1
80020032;BT;1
80030022;SA;1
80020027;sEA;1
70060014;sEA;1
80080025;BF;0
40030032;SA;1
70060003;BF;0
40020042;BF;0
80020032;BF;0
20020016;sEA;1
70040005;HC;24
60060002;SA;1
70040030;BT;1
70060003;BT;1
80080001;HC;1
80070015;sEA;1
30020035;sEA;1
80050027;sEA;1
40020017;BF;0
70020020;SA;1
80020007;BF;0
60030026;HC;1
70060023;sEA;1
70040030;BF;0
50020029;SA;1
70040042;HC;1
80080025;BT;1
60060026;SA;1
70040044;sEA;1
40020005;BF;0
70060015;BF;0
40030019;SA;1
60050012;BF;0
60030026;BT;1
70070029;SA;1
80070024;sEA;1
50020005;SA;1
50040015;HC;1
80080013;BF;0
80080001;BT;1
70020047;sEA;1
30020026;sEA;1
50040040;BT;1
80080013;BT;1
30030017;sEA;1
50020017;SA;1
80070042;BF;0
80080001;BF;0
40020005;BT;1
70060015;BT;1
60040041;SA;1
50040040;BF;0
60060014;SA;1
80080030;sEA;1
80020007;HC;1
40020030;HC;1
40030020;SA;1
80070042;BT;1
70070030;SA;1
60030043;sEA;200000
60050012;BT;1
40030007;SA;1
60030026;BF;0
40020006;sEA;1
70060027;BT;1
70040042;BF;0
50050004;sEA;1
50040027;HC;1
70040030;HC;1
70070042;SA;1
60040046;sEA;1
30020009;BT;1
70040042;BT;1
60030002;HC;8
80050007;SA;1
30030024;SA;1
80070029;sEA;1
80050030;sEA;1
80060033;sEA;1
60030038;BT;1
30020009;BF;0
50030007;sEA;1
60060043;sEA;1
40020042;HC;1
80060015;HC;1
40040003;sEA;1
60030038;BF;0
70020007;SA;1
80030001;sEA;1
70060027;BF;0
70050032;sEA;1
80030033;sEA;1
70040029;HC;52
40040015;BT;1
80040005;BT;1
80050020;SA;1
50040027;BF;0
80080003;sEA;1
30030012;SA;1
70020032;HC;1
70040005;BF;0
80020044;HC;1
60050036;BT;1
60050048;BF;0
50020040;sEA;1
70040005;BT;8
70070029;HC;1
80050019;SA;1
80060003;HC;25
70050007;SA;1
70050020;SA;1
60030002;SA;9
60050048;BT;1
60050036;BF;0
40040015;BF;0
80040005;BF;0
50050042;SA;1
50040027;BT;1
70020044;HC;1
50040039;BT;1
50020042;HC;1
60050024;BT;1
70070030;HC;1
80070042;HC;1
40040027;BT;1
70070017;sEA;1
50040003;HC;1
80050032;SA;1
80040017;BT;1
60060038;SA;1
60020020;sEA;1
30030036;BF;0
40030038;sEA;1
40040027;BF;0
80040017;BF;0
80020019;HC;1
40020029;HC;1
80040024;sEA;1
30030036;BT;1
80020010;sEA;1
50050017;SA;1
50040039;BF;0
70030021;sEA;1
70050019;SA;1
60030014;SA;1
60050024;BF;0
40020033;sEA;1
70040029;BT;7
60020008;sEA;1
80040030;BT;1
50020013;sEA;1
70020044;BF;0
50040039;sEA;1
70050044;SA;1
60050011;sEA;1
80080047;sEA;1
30030048;BF;0
70050049;sEA;1
50020029;HC;1
80040030;BF;0
70020044;BT;1
80060015;BT;1
80070030;SA;1
50020030;HC;1
50040003;BF;0
70020007;HC;1
80020044;BF;0
70020032;BT;1
80060015;BF;0
50040010;sEA;1
60030038;HC;1
60030014;sEA;1
50040003;BT;1
70040029;BF;0
80070029;SA;1
70020032;BF;0
60050024;HC;1
80020044;BT;1
80020020;HC;1
30030048;BT;1
40020017;HC;1
70070042;HC;1
70070017;SA;1
50050029;SA;1
60050012;HC;1
70040017;BF;0
40040003;BF;0
40020005;HC;1
70020019;HC;1
80040029;BF;0
50040015;BF;0
80060003;BT;11
50020017;HC;1
70020020;HC;1
80050044;SA;1
50040015;BT;1
80070017;SA;1
50050030;SA;1
50020042;BT;1
80040029;BT;1
80020032;HC;1
70070005;SA;1
70070046;sEA;1
80060003;BF;0
40040003;BT;1
50020042;BF;0
70040017;BT;1
70020030;sEA;1
70050032;SA;1
80040005;HC;1
20020046;BT;1
80080020;BT;1
60030046;sEA;285
30020004;HC;1
80030034;BT;1
80080020;BF;0
40020047;BF;0
30020041;BF;0
40030050;SA;1
80060030;sEA;1
60030008;HC;1
80030034;BF;0
30020023;sEA;1
30020041;BT;1
70030039;BT;1
20020009;HC;1
70030003;HC;1
80040048;SA;1
80030009;HC;1
50020030;BF;0
80030046;BF;0
70030040;BT;5
20020010;HC;1
60030033;BF;0
40030049;SA;1
60050025;sEA;1
20020043;sEA;1
50020030;BT;1
20020034;BT;1
30020016;HC;1
80030046;BT;1
70030040;BF;0
70020021;sEA;1
60030033;BT;1
40020047;BT;1
50030004;sEA;1
50020029;BF;0
80040018;sEA;1
80030022;BF;0
80040036;SA;1
80080019;BF;0
40020023;BF;0
40020023;BT;1
80030022;BT;1
20020022;HC;1
40030037;SA;1
30020028;HC;1
60030021;HC;1
80080019;BT;1
50020005;HC;1
70060003;SA;1
80060006;sEA;1
60030045;BT;7
50030044;SA;1
70030027;HC;1
20020046;BF;0
30030031;SA;1
50020029;BT;1
60060045;HC;1
70030015;BT;1
80050001;sEA;1
60030045;BF;0
70020012;sEA;1
70040030;SA;1
30020032;sEA;1
40020011;BF;0
40020011;BT;1
20020034;HC;1
40030025;SA;1
50020017;BF;0
40020035;HC;1
50050030;HC;1
50020005;BT;1
50030020;SA;1
60030037;sEA;1
70060017;sEA;1
60050006;BF;0
50020005;BF;0
50030032;SA;1
50050005;SA;1
50020017;BT;1
60060008;SA;1
60060021;SA;1
80050007;BF;0
80060015;sEA;1
60050006;BT;1
40030015;sEA;1
80030022;HC;1
50030019;SA;1
70030027;BF;0
60040035;SA;1
20020046;HC;1
30020008;sEA;1
70060015;SA;1
30020004;BT;1
40030013;SA;1
50050042;HC;1
70030015;HC;1
30030018;SA;1
80060010;HC;1
40020047;HC;1
70050013;BF;0
80030010;HC;1
80060022;SA;1
50030013;sEA;1
80040042;sEA;1
30020004;BF;0
70030027;BT;1
60040020;sEA;1
60030021;BT;1
20020034;sEA;1
70040042;SA;1
70060027;SA;1
80080007;BT;1
70030035;sEA;1
80050007;BT;1
80050019;BF;0
60030021;BF;0
40040029;sEA;1
70050001;BT;1
70030039;BF;0
70050001;BF;0
80080007;BF;0
50050036;sEA;1
30020041;HC;1
60040047;SA;1
60050034;sEA;1
80060009;HC;1
70060041;sEA;1
50020039;sEA;1
30020041;sEA;1
70060040;BF;0
60060045;SA;1
80050020;BF;0
80080038;sEA;1
70060039;BT;1
70060040;BT;1
80060034;SA;1
50050005;HC;1
40040021;BF;0
40040021;BT;1
70060003;HC;1
80050020;BT;1
40040033;BF;0
70060039;BF;0
60050043;sEA;1
40040033;BT;1
80020045;sEA;1
80050019;BT;1
70040005;SA;10
80040033;sEA;1
30030006;SA;1
50050042;BT;1
50050042;BF;0
70070049;sEA;1
20020009;BF;0
70020006;sEA;1
70060015;HC;1
80050032;BT;1
60050018;BF;0
40040047;sEA;1
80050032;BF;0
80070036;SA;1
60040002;sEA;1
60030008;SA;1
80030034;HC;1
80050007;HC;1
80060046;SA;1
50030007;SA;1
70060008;sEA;1
80060010;BT;1
50050029;HC;1
60050018;BT;1
40040008;HC;1
20020009;BT;1
50050017;BT;1
60060033;SA;1
40030006;sEA;1
80060010;BF;0
50030044;HC;1
30020016;SA;1
60050018;HC;1
80070024;SA;1
70030015;BF;0
80080029;sEA;1
70040029;SA;9
70020044;SA;1
80050019;HC;1
20020010;BT;1
20020022;BF;0
80030009;SA;1
80060009;BT;1
60030033;HC;1
20020010;BF;0
40020023;HC;1
70030003;BT;1
70030003;BF;0
40040008;BF;0
50050027;sEA;1
80060009;BF;0
60050043;BT;1
80030010;SA;1
80040027;sEA;1
50050029;BF;0
70060027;HC;1
70060040;HC;1
70040003;sEA;200000
70020032;SA;1
60050043;BF;0
50050017;HC;1
20020025;sEA;1
20020034;BF;0
60030045;HC;162
50050029;BT;1
30030031;HC;1
80070038;sEA;1
50030032;HC;1
80060024;sEA;1
60050006;HC;1
30020028;SA;1
40040008;BT;1
40020035;BF;0
80030046;HC;1
20020022;BT;1
50050030;BF;0
70060039;HC;1
40020035;BT;1
80050044;BF;0
20020019;sEA;1
60050031;BF;0
50030022;sEA;1
80050020;HC;1
80070012;SA;1
80050044;BT;1
50050030;BT;1
40020011;HC;1
60050031;BT;1
70040017;SA;1
50030019;HC;1
70020025;BF;0
70070011;BF;0
80040012;HC;1
60050043;HC;1
80080020;SA;1
70020025;BT;1
40030050;BT;1
20020046;SA;1
70030039;SA;1
80020004;sEA;1
70050049;HC;1
40030050;BF;0
70040035;sEA;200000
80070005;BT;1
80070017;BF;0
60030033;SA;1
40030025;HC;1
80040048;BT;1
70050041;sEA;1
80020002;SA;1
80030010;sEA;1
60020031;BF;0
70030040;SA;7
20020034;SA;1
80040024;HC;1
70070023;BF;0
60020018;BT;1
40030049;BT;1
60020031;BT;1
80020026;SA;1
70070023;BT;1
40030049;BF;0
80070047;sEA;1
60020006;HC;1
70020037;BF;0
80040036;BT;1
60050031;HC;1
80040048;BF;0
80040036;BF;0
70020001;HC;1
70020037;BT;1
50030020;HC;1
80080019;SA;1
70050037;HC;1
60020014;sEA;1
70070035;BF;0
80070005;BF;0
40030037;BT;1
50040045;sEA;1
80020036;sEA;1
30030008;sEA;1
60030045;SA;4
50030044;BT;1
30030043;HC;1
50030044;BF;0
40030013;HC;1
70030015;SA;1
50050017;BF;0
50020048;sEA;1
50030020;BT;1
80080012;sEA;1
70070035;BT;1
50030020;BF;0
60020006;BF;0
40030037;BF;0
70070047;BF;0
40030025;BT;1
40040040;SA;1
80040048;HC;1
70040050;sEA;200000
50040034;SA;1
60050006;SA;1
70020001;BF;0
50050005;BT;1
50030032;BF;0
30020004;SA;1
50030019;BT;1
70020001;BT;1
50030032;BT;1
50030039;sEA;1
80060022;BT;1
40030013;BT;1
80060022;BF;0
70030027;SA;1
40030001;HC;1
60020018;BF;0
50030007;HC;1
70050026;sEA;1
60030021;SA;1
80080007;SA;1
50050005;BF;0
70050001;SA;1
70020013;BT;1
50050010;sEA;1
40030025;BF;0
80070048;SA;1
40040039;SA;1
70050050;HC;1
70070047;BT;1
80040036;HC;1
60020006;BT;1
50040046;SA;1
80020014;SA;1
70020013;BF;0
70070023;HC;1
70030029;sEA;200000
60020043;HC;1
70050025;BT;1
50040010;SA;1
60040016;BF;0
70060040;SA;1
60050019;sEA;1
80060034;BT;1
80060046;BF;0
40030030;sEA;1
50030007;BF;0
80060034;BF;0
70060039;SA;1
80080044;HC;1
70050037;BF;0
60040004;BT;1
70050013;BT;1
80040001;sEA;1
60040028;BF;0
70060032;sEA;1
40020024;sEA;1
60040011;sEA;1
50030019;BF;0
60040028;BT;1
70070011;HC;1
60020031;HC;1
50040022;SA;1
30030023;sEA;1
60040004;BF;0
70050001;HC;1
40030050;HC;1
80060046;BT;1
50030007;BT;1
80080032;HC;1
40030001;SA;1
80060010;SA;1
20020009;SA;1
80060022;HC;1
60050018;SA;1
70050025;BF;0
60060025;sEA;1
30020016;BF;0
70020038;sEA;1
60020018;HC;1
80040024;SA;1
80050009;sEA;1
70050050;BT;1
40030049;HC;1
30020016;BT;1
80080019;HC;1
50040004;sEA;1
70050013;HC;1
60040004;HC;1
80060009;SA;1
80020038;SA;1
20020010;SA;1
70050050;BF;0
60030020;sEA;1
80030009;BT;1
70030039;HC;1
80070006;sEA;1
70030003;SA;1
50020007;sEA;1
40040038;sEA;1
80080044;BT;1
30020028;BF;0
80030010;BT;1
70050049;BT;1
80060034;HC;1
50020048;SA;1
80040012;SA;1
60050043;SA;1
80080020;HC;1
80080007;HC;1
70050025;HC;1
80030010;BF;0
70030040;HC;49
30030043;SA;1
80080032;BT;1
80080044;BF;0
40030037;HC;1
70050049;BF;0
30020028;BT;1
70030044;sEA;200000
70050037;BT;1
80060046;HC;1
80080032;BF;0
50020036;SA;1
20020022;SA;1
50040009;SA;1
60050031;SA;1
60020043;BT;1
80030009;BF;0
30020017;sEA;1
70070011;BT;1
60040016;BT;1
60020043;BF;0
20020023;BT;1
70020028;sEA;1
80030028;SA;1
80080006;HC;1
80080043;BT;1
40040030;BF;0
50050033;BT;1
70070040;BF;0
80080043;BF;0
70020025;SA;1
80050008;sEA;1
40040030;BT;1
70070040;BT;1
30030038;BF;0
60060036;BT;1
60060048;BF;0
30030026;BT;1
60060031;sEA;1
40040029;BT;1
70070039;BT;1
70070003;HC;1
30030021;sEA;1
40040029;BF;0
50050045;BF;0
30030026;BF;0
30030038;BT;1
80080018;HC;1
20020023;BF;0
50050021;BT;1
70060008;BF;0
50050021;BF;0
60050005;BF;0
60060012;HC;1
70060008;BT;1
40040005;HC;1
30030014;BT;1
60060024;BT;1
70040032;sEA;1
20020035;BT;1
80030041;SA;1
50050045;BT;1
70020037;SA;1
20020035;BF;0
50040002;sEA;1
60060036;BF;0
50040014;BF;0
80080031;BT;1
70070015;BT;1
80030016;SA;1
30030014;BF;0
70070027;HC;1
80080031;BF;0
30030012;sEA;1
80050017;sEA;1
80080018;BT;1
40040005;BF;0
70060021;BF;0
70070015;BF;0
30030002;BF;0
70060021;BT;1
80020009;SA;1
20020011;HC;1
50050021;HC;1
70030044;SA;8
70020037;sEA;1
60060022;sEA;1
70020019;sEA;1
50030042;sEA;1
60050029;BF;0
30020019;BF;0
60050017;BT;1
60060036;HC;1
30020019;BT;1
70070003;BT;1
60020041;SA;1
70070039;HC;1
50040049;sEA;1
70020001;SA;1
80020034;HC;1
50040002;BT;1
80080006;BT;1
40040005;BT;1
30030002;BT;1
50040002;BF;0
60020028;SA;1
70040023;sEA;1
40040017;BT;1
70020050;HC;1
30020020;BF;0
60050005;BT;1
80070048;BF;0
70070003;BF;0
30030038;HC;1
60040036;sEA;1
20020047;BF;0
70060033;BF;0
70060033;BT;1
80070003;sEA;1
30020020;BT;1
80020046;HC;1
20020047;BT;1
70060008;HC;1
70070016;sEA;1
80040010;sEA;1
80070048;BT;1
30030030;sEA;1
60060048;BT;1
60050017;BF;0
50050008;HC;1
60060024;HC;1
40040017;BF;0
50050033;BF;0
20020023;HC;1
70020013;SA;1
80080018;BF;0
70070040;HC;1
80020024;sEA;1
40030047;BF;0
80050026;sEA;1
60050042;BT;1
80040048;sEA;1
30020032;BT;1
70020049;HC;1
80020034;SA;1
80060017;BF;0
60050042;BF;0
30020032;BF;0
60040018;sEA;1
40020004;BF;0
70020037;HC;1
60050017;HC;1
40030035;BT;1
80060017;BT;1
70030007;SA;1
70030020;SA;1
40030011;HC;1
30030003;sEA;1
50020044;SA;1
60020003;sEA;1
80070021;sEA;1
30020019;HC;1
60020012;sEA;1
60050030;BF;0
80080006;BF;0
60060048;HC;1
50020016;sEA;1
80060029;BF;0
40030023;BT;1
40030035;BF;0
70070034;sEA;1
70040005;sEA;200000
60040045;sEA;1
60050030;BT;1
60040023;BF;0
60050029;BT;1
30020044;BT;1
80060029;BT;1
80020010;SA;1
80020046;SA;1
60040009;sEA;1
50020032;SA;1
40040042;HC;1
30020044;BF;0
60040023;BT;1
70040038;SA;1
80020042;sEA;1
80070030;sEA;1
60050005;HC;1
30020020;HC;1
70030032;SA;3
70020050;BF;0
50050008;BT;1
40030011;BF;0
40030011;BT;1
80060030;BT;1
70020013;HC;1
50020020;SA;1
50040020;sEA;1
70020050;BT;1
80060030;BF;0
70050039;sEA;1
60060040;sEA;1
80070048;HC;1
30020032;HC;1
40030023;BF;0
70070007;sEA;1
70070027;BF;0
50050008;BF;0
60050030;HC;1
80020015;sEA;1
40040017;HC;1
40030028;sEA;1
40040030;HC;1
40040006;sEA;1
20020011;BF;0
70070027;BT;1
80020022;SA;1
70070015;HC;1
40040042;BF;0
80060017;HC;1
60040011;BF;0
60050029;HC;1
30020044;HC;1
40040042;BT;1
60040011;BT;1
70020049;BF;0
70070039;BF;0
50020019;SA;1
80060042;BF;0
40040033;sEA;1
60060013;sEA;1
70020049;BT;1
20020011;BT;1
40040029;HC;1
80060042;BT;1
70020025;HC;1
70030019;SA;1
60060012;SA;1
60030011;sEA;1
70040019;BF;0
80040035;HC;58
80080043;SA;1
70030006;sEA;1
20020023;SA;1
80030028;BT;1
70070040;SA;1
60030016;BF;0
60060036;SA;1
30030026;SA;1
60040023;HC;1
80050005;SA;1
70070039;SA;1
70050048;sEA;1
70050026;HC;1
60040011;HC;1
70050014;HC;1
80060048;SA;1
60020021;sEA;1
70040019;BT;8
80030028;BF;0
60030016;BT;1
40020047;SA;1
30030014;SA;1
60060024;SA;1
80030016;BF;0
80030041;BF;0
80060034;sEA;1
60040035;HC;1
60030028;BT;1
70060008;SA;1
70040007;BF;0
80030041;BT;1
60050014;sEA;1
80040023;HC;1
80050017;SA;1
50020007;SA;1
20020035;SA;1
50020025;sEA;1
70070043;sEA;1
40020023;SA;1
70040007;BT;8
80060005;HC;1
70060038;sEA;1
60050042;HC;1
50030038;SA;1
50050018;sEA;1
80030016;BT;1
80050044;sEA;1
80080031;SA;1
70070015;SA;1
60030028;BF;0
80030002;sEA;1
80080018;SA;1
80020009;BT;1
50030014;SA;1
80030016;HC;1
70060021;SA;1
40020011;SA;1
50020044;HC;1
60040035;BF;0
60050017;SA;1
80050030;SA;1
70040007;HC;30
70040032;BT;1
80050042;SA;1
80070036;HC;1
70070003;SA;1
80050029;SA;1
60060004;sEA;1
70060029;sEA;1
40040042;sEA;1
70040032;BF;0
80030049;sEA;1
30030002;SA;1
80020009;BF;0
80080006;SA;1
60040035;BT;1
20020017;sEA;1
60040047;BF;0
60050005;SA;1
50020050;BF;0
70050038;HC;1
50020043;sEA;1
40020030;sEA;1
50020050;BT;1
60030004;BF;0
80030004;HC;1
50030026;SA;1
70060033;SA;1
50020032;HC;1
40030042;SA;1
60050023;sEA;1
70040020;BF;0
30020007;HC;1
60060048;SA;1
60030004;BT;6
20020047;SA;1
60040047;BT;1
70040020;BT;1
40030037;sEA;1
80070024;HC;1
80040047;HC;1
50040033;SA;1
80020034;BT;1
80080046;sEA;1
70050002;BT;1
80070012;HC;1
60050042;SA;1
80020034;BF;0
80040011;SA;1
20020029;sEA;1
50030033;sEA;1
50040011;sEA;1
20020047;HC;1
80060005;BT;1
60030028;sEA;1
50020019;HC;1
50050001;sEA;1
50020020;HC;1
50020044;BT;1
80040023;SA;1
60020010;BF;0
50020007;HC;1
80060005;BF;0
20020035;HC;1
70030024;sEA;1
60030028;HC;1
70020046;sEA;1
30020025;sEA;1
50020044;BF;0
70050002;BF;0
60020010;BT;1
70030036;sEA;1
60050030;SA;1
60030041;HC;1
80040009;sEA;1
50040045;SA;1
70050014;BT;1
80070036;BT;1
70060045;BF;0
80070036;BF;0
30030026;HC;1
80030032;sEA;1
50020032;BF;0
60050029;SA;1
80020046;BF;0
70050014;BF;0
30020022;sEA;1
70040041;sEA;200000
70060045;BT;1
50030006;sEA;1
60040023;SA;1
80020010;BT;1
60020022;BT;1
40040015;sEA;1
80020046;BT;1
50020032;BT;1
50030002;SA;1
80020022;HC;1
80080043;HC;1
50020050;HC;1
60020022;BF;0
80020010;BF;0
80030028;HC;1
70060021;HC;1
50040008;SA;1
80040047;SA;1
80070024;BT;1
80080031;HC;1
80040039;sEA;200000
50020020;BT;1
60040047;HC;1
70050038;BF;0
30020007;BT;1
60030004;HC;28
70060045;HC;1
50030038;HC;1
50020020;BF;0
70020050;SA;1
70060033;HC;1
60050026;sEA;1
80030004;SA;1
50030026;HC;1
50050045;sEA;1
30020007;BF;0
80070024;BF;0
30030014;HC;1
70050038;BT;1
80070012;BF;0
80070012;sEA;1
30030002;HC;1
80020022;BF;0
80020010;HC;1
70040014;sEA;1
60030016;HC;1
60020009;BT;1
70070027;SA;1
50020019;BF;0
80020022;BT;1
70050026;BF;0
60040011;SA;1
80060007;sEA;1
70050026;BT;1
50020019;BT;1
80080019;sEA;1
40020047;sEA;1
60030041;BT;1
70020049;SA;1
40020035;SA;1
50040021;SA;1
80040035;SA;12
80070012;BT;1
20020011;SA;1
80030041;HC;1
70050002;HC;1
80020009;HC;1
60030041;BF;0
60020009;BF;0
30020007;sEA;1
70020031;BT;1
50030002;HC;1
80060012;HC;1
60040042;BT;1
30020031;sEA;1
70020031;BF;0
70030049;HC;152
70060026;sEA;1
80050005;BT;1
60040042;BF;0
80060048;BT;1
80050017;BF;0
40030016;sEA;1
50040045;HC;1
50050015;SA;1
60060018;SA;1
60040005;HC;1
80080037;SA;1
60060031;SA;1
80060024;HC;1
70020006;HC;1
70040019;SA;10
60030011;BT;1
30030033;SA;1
70020043;BT;1
50050039;SA;1
60050050;sEA;1
60040029;HC;1
60030011;BF;0
80050017;BT;1
80050029;BF;0
50020007;BT;1
50030038;BF;0
70020043;BF;0
50030012;sEA;1
50030038;BT;1
70020018;HC;1
40020003;sEA;1
50020007;BF;0
60050036;HC;1
50050003;SA;1
80060036;HC;1
70040007;SA;10
40020028;SA;1
70030050;HC;169
50050040;SA;1
60040030;HC;1
80080025;SA;1
50030014;HC;1
30030008;SA;1
20020035;sEA;1
50030014;BT;1
80070031;HC;1
80070042;sEA;1
50040021;HC;1
70020006;BT;1
70030050;BF;0
30030045;SA;1
70060035;sEA;1
80050030;BT;1
80080002;sEA;1
60040029;BF;0
80080001;SA;1
70030050;BT;7
80050030;BF;0
60020024;sEA;1
80060048;HC;1
80050042;BF;0
80050005;HC;1
80080013;SA;1
80050029;BT;1
70020018;BF;0
40020012;sEA;1
60040029;BT;1
40020016;SA;1
70030049;BT;7
80060012;BT;1
70030025;HC;1
50030014;BF;0
80050042;BT;1
60050012;SA;1
20020044;sEA;1
70040032;SA;1
80060012;BF;0
30020002;HC;1
30020014;SA;1
50040050;sEA;1
60040030;BF;0
80030005;sEA;1
50020050;SA;1
50030003;sEA;1
60050048;HC;1
50030026;BT;1
70020018;BT;1
40020004;SA;1
60040030;BT;1
50030026;BF;0
70030037;HC;1
60040017;HC;1
70040020;SA;1
80050017;HC;1
80070018;HC;1
40030047;SA;1
60060043;SA;1
80040036;sEA;1
50050027;SA;1
50040033;HC;1
80070043;SA;1
50050040;HC;1
80070006;HC;1
70050002;SA;1
80080050;HC;1
50040033;BT;1
70030025;BF;0
70050031;sEA;1
70040032;HC;1
50040033;BF;0
70060044;sEA;1
80040011;BT;1
70030025;BT;1
60020016;BF;0
70020011;sEA;1
30020026;SA;1
60050036;SA;1
60030023;HC;1
60060048;sEA;1
80040011;BF;0
80050029;HC;1
60050048;SA;1
80040023;BF;0
70030037;BF;0
70070037;sEA;1
80070031;BT;1
50040008;HC;1
60020004;BT;1
70040002;sEA;1
60030047;BT;6
50020019;sEA;1
70030013;BF;0
70030013;BT;1
80070031;BF;0
80040023;BT;1
70040044;HC;1
60020028;BF;0
80080049;HC;1
50030002;BF;0
50030021;sEA;1
30030021;HC;1
60050024;SA;1
70040019;HC;109
80080037;HC;1
50050027;HC;1
70050014;SA;1
50040045;BT;1
60030035;HC;57
70030037;BT;1
70030049;BF;0
70040020;HC;1
30020038;SA;1
80050030;HC;1
70030001;BF;0
50040045;BF;0
60050035;sEA;1
70060045;SA;1
50050048;sEA;1
50030002;BT;1
70020006;BF;0
70030001;BT;1
30020002;BT;1
60020016;BT;1
70040044;BF;0
80080020;sEA;1
80080025;HC;1
50040008;BT;1
80060024;SA;1
80070018;BT;1
80040047;BT;1
30020040;sEA;1
80040047;BF;0
30020002;BF;0
70030013;HC;1
60040017;SA;1
80080037;sEA;1
70040044;BT;1
30030008;HC;1
60030002;sEA;200000
60030019;sEA;200000
60030023;BF;0
80030004;BT;1
60040042;HC;1
70020020;sEA;1
80080050;BT;1
80030004;BF;0
60030023;BT;1
70050038;SA;1
30030033;sEA;1
20020026;sEA;1
80070018;BF;0
80060031;sEA;1
80080050;BF;0
60030047;BF;0
60040005;SA;1
80050047;sEA;1
80080049;BT;1
70020007;sEA;1
80070006;BF;0
60040001;sEA;1
80060036;SA;1
80080013;HC;1
60020004;BF;0
80050042;HC;1
70030001;HC;1
60030035;BT;5
80040011;HC;1
60030011;HC;1
40020021;sEA;1
60030035;BF;0
70050026;SA;1
30030021;BF;0
40030007;sEA;1
50040021;BT;1
80080049;BF;0
80030020;sEA;1
80040035;BT;9
50040014;sEA;1
80040035;BF;0
50040021;BF;0
80070006;BT;1
40020041;SA;1
50050039;HC;1
30030021;BT;1
70020031;SA;1
50050027;BF;0
70060002;BT;1
40040030;SA;1
60040042;SA;1
40040009;sEA;1
80030011;SA;1
40040029;SA;1
80080028;sEA;1
40020016;HC;1
40020038;sEA;1
70070008;HC;1
20020004;HC;1
20020041;BF;0
70060014;BF;0
20020028;BT;1
70070045;BT;1
50040005;sEA;1
20020041;BT;1
50050039;BF;0
50050015;BT;1
80020041;HC;1
30030033;BF;0
70070021;HC;1
80030041;sEA;1
40030047;HC;1
70050001;sEA;1
50050039;BT;1
50050015;BF;0
70030045;sEA;1
30030033;BT;1
70020043;SA;1
70060014;BT;1
70060026;BF;0
60030049;sEA;1
80060025;sEA;1
60030011;SA;1
70070033;HC;1
60050005;sEA;1
50050040;BT;1
80040042;SA;1
50050003;BT;1
40020004;HC;1
20020016;HC;1
30030045;BF;0
60020028;HC;1
40020029;sEA;1
70070028;sEA;1
50040008;BF;0
50050040;BF;0
40020028;BT;1
70020006;SA;1
50050015;HC;1
30030045;BT;1
70060038;BF;0
60030047;HC;49
40020041;HC;1
40020028;BF;0
40030035;HC;1
60050044;sEA;1
70070045;HC;1
60020004;HC;1
20020028;HC;1
70030050;SA;4
40020016;BT;1
70060026;BT;1
40040024;sEA;1
80020003;sEA;1
60040029;SA;1
70030049;SA;4
60020041;BT;1
80030035;SA;1
80060012;SA;1
40040005;SA;1
50050009;sEA;1
80030011;sEA;1
60020041;BF;0
80020028;HC;1
30020014;BF;0
70060002;HC;1
70040049;sEA;1
60040030;SA;1
80020018;sEA;1
60020016;HC;1
30020014;BT;1
40040017;SA;1
60020028;BT;1
70070008;BT;1
30030024;sEA;1
70050010;sEA;1
70020018;SA;1
40020004;BT;1
50050003;HC;1
40020016;BF;0
70050007;BF;0
60040010;sEA;1
80060016;sEA;200000
40030023;HC;1
80030023;SA;1
60020030;sEA;1
30020026;BF;0
70060014;HC;1
80030050;sEA;1
70060038;BT;1
30030033;HC;1
50050027;BT;1
70070008;BF;0
40030047;BT;1
80020028;SA;1
80070043;BT;1
80070043;BF;0
70030025;SA;1
60020015;sEA;1
30020026;BT;1
30020038;BF;0
50040046;sEA;1
80070033;sEA;1
80080011;sEA;1
70020043;HC;1
60020004;SA;1
40030035;SA;1
50020038;SA;1
80020016;SA;1
60030047;SA;10
80070031;SA;1
50050039;sEA;1
30030045;HC;1
70030013;SA;1
70050027;sEA;1
80020041;SA;1
50020026;SA;1
80050038;sEA;1
70030037;SA;1
40030023;SA;1
80020004;SA;1
30020038;BT;1
20020004;BF;0
70030001;SA;1
80060024;BF;0
30020014;HC;1
60020016;SA;1
30020002;SA;1
80060040;sEA;200000
80060024;BT;1
80070018;SA;1
50020014;SA;1
30020016;sEA;1
70070021;BT;1
70070021;BF;0
60060012;BF;0
80030047;SA;1
40030011;SA;1
70040044;SA;1
70030015;sEA;1
70050040;sEA;1
20020004;BT;1
50050003;BF;0
30020026;HC;1
80040045;sEA;200000
80060036;BF;0
20020016;BF;0
40030046;sEA;1
70070033;BF;0
60030023;SA;1
80070043;HC;1
80080050;SA;1
50020002;SA;1
80020033;sEA;1
60060024;BF;0
40020028;HC;1
60020041;HC;1
80080049;SA;1
80060036;BT;1
50030045;SA;1
30020038;HC;1
80060048;BF;0
20020016;BT;1
20020028;BF;0
40040042;SA;1
70070045;BF;0
70070033;BT;1
50020034;sEA;1
40020041;BT;1
60060039;sEA;1
60030035;SA;9
60040027;sEA;1
70040008;sEA;1
70020031;HC;1
80050005;BF;0
40020041;BF;0
70060002;BF;0
80070006;SA;1
60060012;BT;1
30030021;SA;1
50030033;SA;1
70060002;SA;1
50020018;BT;1
80030011;BT;1
70040025;BT;1
40020022;HC;1
80060035;HC;1
70050040;SA;1
70030026;HC;130
70050039;SA;1
40020026;sEA;1
30030032;SA;1
60040036;SA;1
80030011;BF;0
70030014;HC;44
50040007;SA;1
30030044;SA;1
80080048;SA;1
70060003;sEA;1
60030022;BT;1
40020034;HC;1
40040047;SA;1
50020006;BT;1
60020011;HC;1
70070040;sEA;1
50030021;SA;1
70040025;BF;0
60030022;BF;0
50030027;sEA;1
70030038;HC;1
60030034;BT;1
30020046;sEA;1
70050027;SA;1
60030034;BF;0
40020009;HC;1
60040048;SA;1
80080036;SA;1
80080041;sEA;1
70040049;BF;0
70030010;sEA;1
30030020;SA;1
70060014;SA;1
40020010;HC;1
40040035;SA;1
40020046;HC;1
80060011;HC;1
30030019;SA;1
60020023;HC;1
70040049;BT;1
70030002;HC;1
60020047;BT;1
50040019;SA;1
50020018;BF;0
60030009;HC;77
80050012;SA;1
70040013;BF;0
60040012;SA;1
70040013;BT;5
80030028;sEA;1
60020047;BF;0
50050022;sEA;1
80060047;HC;113
70040013;HC;95
40040011;SA;1
50030008;SA;1
80050024;SA;1
80080024;SA;1
70030038;BF;0
50040044;HC;1
60020023;BT;1
80030044;sEA;1
40030048;SA;1
30030007;SA;1
40020035;sEA;1
50050015;sEA;1
80040009;BT;1
60020023;BF;0
50050031;sEA;1
80030011;HC;1
60020035;BT;1
80030035;BT;1
60050023;SA;1
80040009;BF;0
60020035;BF;0
70060026;SA;1
80050041;sEA;1
40020022;BF;0
70030038;BT;1
40020022;BT;1
80030035;BF;0
60030009;BF;0
40030036;SA;1
60030009;BT;6
50020006;BF;0
60040024;SA;1
80080012;SA;1
60030016;sEA;1
70040001;HC;1
60050049;sEA;1
80050036;SA;1
70050043;sEA;1
60050011;SA;1
70040037;BT;6
40040023;SA;1
60030010;BT;7
40020010;BF;0
40020017;sEA;1
80040010;BT;1
80080023;sEA;1
80030023;BF;0
70040037;BF;0
60030010;BF;0
40020010;BT;1
80030023;BT;1
80070037;SA;1
50030018;sEA;1
70060038;SA;1
80040010;BF;0
40020044;sEA;1
50030009;sEA;1
80030035;HC;1
80060039;sEA;1
40030049;sEA;1
80030035;sEA;1
70030002;BT;1
80020030;sEA;1
80040013;sEA;1
70030002;BF;0
80040034;BT;9
70070022;sEA;1
80060011;BT;1
70060026;HC;1
80040034;BF;0
80060011;BF;0
50040019;HC;1
50040020;HC;1
80060023;SA;1
80070025;SA;1
40020008;sEA;1
30020008;SA;1
60030034;HC;1
50040044;BT;1
50040044;BF;0
40020009;SA;1
80030047;HC;1
80040010;HC;1
60020011;SA;1
80040022;BF;0
60030025;sEA;1
70060038;HC;1
20020048;SA;1
50040032;HC;1
80030023;HC;1
30030006;sEA;1
70050018;sEA;1
70060021;sEA;1
60030032;sEA;1
70030026;BF;0
80040022;BT;1
80040009;HC;1
80050048;SA;1
30030032;HC;1
80070013;SA;1
60030046;HC;76
70030026;BT;7
50030045;HC;1
80060035;SA;1
20020005;sEA;1
60050035;SA;1
70050040;HC;1
80060047;SA;4
50030021;HC;1
40020034;BF;0
80030047;BF;0
80020021;sEA;1
80030047;BT;1
40020034;BT;1
60030010;HC;232
50040020;BT;1
60020047;HC;1
60060006;BF;0
60030046;BT;5
80070001;SA;1
50040020;BF;0
60030046;BF;0
80080048;HC;1
80040034;HC;50
70050003;SA;1
80080014;sEA;1
70040001;BT;1
30030020;HC;1
70040001;BF;0
40020046;BF;0
50030033;HC;1
60020047;sEA;1
50050046;SA;1
60030022;HC;1
60050047;SA;1
30030019;HC;1
60060018;BF;0
70020041;sEA;1
50040007;HC;1
60020035;HC;1
30020028;sEA;1
50030045;BT;1
70030014;BF;0
50030045;BF;0
70030014;BT;6
80020009;sEA;1
40020046;BT;1
50050006;sEA;1
50040032;BT;1
80050032;sEA;1
80040046;BT;1
50050040;sEA;1
80040046;BF;0
50040032;BF;0
80080036;HC;1
60060006;BT;1
80040022;HC;1
80040006;sEA;1
70050015;SA;1
70020048;BF;0
50050010;SA;1
20020017;BF;0
50030033;BT;1
70070034;BF;0
50030033;BF;0
30020033;HC;1
40040047;BF;0
80070050;HC;1
70020048;BT;1
70040025;SA;1
30030044;BF;0
50040007;BF;0
30030044;BT;1
50050009;SA;1
50040007;BT;1
50030021;BT;1
70020012;HC;1
60060018;BT;1
60060031;BF;0
40030036;HC;1
70020036;BF;0
60030022;SA;1
70070034;BT;1
20020017;BT;1
50030021;BF;0
70070019;sEA;1
70020036;BT;1
40040047;BT;1
60060031;BT;1
40030024;HC;1
60030034;SA;1
50030047;sEA;1
20020029;BT;1
50040019;BF;0
70070046;BT;1
70070010;BT;1
60060006;HC;1
80050012;sEA;1
70070010;BF;0
40040035;BF;0
70020024;HC;1
70040049;SA;1
50050034;SA;1
50040028;sEA;1
40040035;BT;1
50030008;HC;1
80020012;sEA;1
80050012;BT;1
70070009;BT;1
20020029;BF;0
60020047;SA;1
70040011;sEA;1
50040019;BT;1
80080005;sEA;1
70070046;BF;0
30020045;HC;1
80050012;BF;0
70040013;SA;4
40040011;HC;1
20020005;HC;1
80050024;BT;1
70020012;BT;1
40040011;BT;1
20020042;BF;0
50030008;BT;1
70070009;BF;0
20020042;BT;1
70040028;sEA;1
80050024;BF;0
40040018;sEA;1
80020039;HC;1
80020015;SA;1
60020023;SA;1
50040037;sEA;1
70020012;BF;0
60060018;HC;1
40030012;HC;1
40030048;BT;1
70070022;HC;1
60020035;SA;1
20020030;BT;1
60020006;sEA;1
40030048;BF;0
50020011;sEA;1
40040011;BF;0
50030008;BF;0
20020030;BF;0
70030038;SA;1
80020003;SA;1
60030009;SA;9
40030036;BT;1
70070034;HC;1
20020017;HC;1
70050009;sEA;1
50030030;sEA;1
50050022;SA;1
80050036;BT;1
30030044;HC;1
70020032;sEA;1
40040023;BT;1
70040037;SA;200000
80020040;HC;1
80050036;BF;0
70020024;BF;0
40040023;BF;0
60040031;sEA;1
60060043;BT;1
70020024;BT;1
80060048;sEA;1
40030036;BF;0
60030010;SA;4
60060043;BF;0
40030022;sEA;1
70030002;SA;1
40020009;BF;0
80050012;HC;1
60060043;HC;1
70040049;HC;1
80060011;SA;1
50050034;HC;1
70040037;HC;35
80060023;BT;1
30020021;SA;1
20020014;sEA;1
50050022;HC;1
80060023;BF;0
70040050;HC;41
80020040;SA;1
80030019;sEA;1
40020009;BT;1
40030050;sEA;1
40030024;SA;1
30020037;sEA;1
80060035;BF;0
40040047;HC;1
60060031;HC;1
80070049;SA;1
60020038;sEA;1
50050046;HC;1
20020041;sEA;1
80050048;BF;0
80050029;sEA;1
50020049;SA;1
60060001;sEA;1
40030012;SA;1
80050048;BT;1
70060012;sEA;1
70030026;SA;4
70040025;HC;1
30020033;SA;1
80060035;BT;1
70070002;sEA;1
80070050;SA;1
50050010;HC;1
80050024;HC;1
50020037;SA;1
30020045;SA;1
50050046;BF;0
80060047;BT;13
70040050;BF;0
40040001;sEA;1
70070031;sEA;1
80040022;sEA;1
40040035;HC;1
60030046;SA;3
70040050;BT;9
60040017;BT;1
80050048;HC;1
80020027;SA;1
60040048;sEA;1
40040023;HC;1
70040001;SA;1
70030009;sEA;1
70070010;HC;1
80050036;HC;1
60040017;BF;0
50050046;BT;1
80060047;BF;0
60060045;sEA;1
20020005;BF;0
30030015;sEA;1
60040005;BT;1
80080032;sEA;1
70050034;sEA;1
70070022;BF;0
60060018;sEA;1
80060023;HC;1
70030014;SA;6
70070009;HC;1
60030041;sEA;1
50020028;sEA;1
70070022;BT;1
40030048;HC;1
80070027;sEA;1
60060006;SA;1
80020039;SA;1
50020025;SA;1
20020005;BT;1
60040005;BF;0
50050010;BT;1
70060019;BF;0
80030005;SA;1
70020048;SA;1
50050010;BF;0
80020047;sEA;1
60020042;SA;1
50020001;SA;1
60060025;BF;0
40040016;HC;1
60060013;BT;1
50050009;BT;1
70050045;BF;0
50020013;SA;1
60060013;BF;0
70050045;BT;1
40030042;HC;1
50020037;sEA;1
60060025;BT;1
70070034;SA;1
40030032;sEA;1
60030016;SA;1
70020036;SA;1
80040041;HC;1
70060019;BT;1
20020017;SA;1
60040004;sEA;1
70050008;HC;1
70030042;sEA;200000
70050021;HC;1
70070046;SA;1
60030028;SA;1
60050041;sEA;1
40040028;HC;1
20020029;SA;1
70070010;SA;1
50050009;BF;0
50050034;BF;0
70050033;BF;0
70050033;BT;1
60020030;SA;1
50050034;BT;1
40040041;BT;1
70060020;BF;0
60040013;sEA;1
70070009;SA;1
40040041;BF;0
70060020;BT;1
40030030;HC;1
40040045;sEA;1
40040028;BF;0
70060044;BF;0
80030030;SA;1
50050009;HC;1
60060049;BT;1
70060044;BT;1
20020042;SA;1
70050045;HC;1
80020015;BT;1
60020017;SA;1
70020012;SA;1
80020015;BF;0
70060007;HC;1
80070036;sEA;1
40040016;BT;1
60020029;SA;1
70020004;sEA;1
40030029;HC;1
80030029;SA;1
50020049;HC;1
60060001;HC;1
20020030;SA;1
40040036;sEA;1
70060032;BF;0
60060049;BF;0
30030029;sEA;1
70060032;BT;1
40030042;BT;1
60060037;BF;0
80020003;BF;0
40030042;BF;0
50050022;BT;1
70030018;sEA;1
70060019;HC;1
80030017;SA;1
80040025;sEA;200000
80020003;BT;1
70060020;HC;1
60060013;HC;1
50050022;BF;0
80080049;sEA;1
80040004;SA;1
70020024;SA;1
60030004;SA;9
70050033;HC;1
40040004;HC;1
60050017;sEA;1
80060022;sEA;1
60060037;BT;1
40030017;HC;1
40040028;BT;1
50020037;HC;1
20020030;HC;1
60060037;HC;1
80060004;sEA;1
80070017;sEA;1
40020015;BT;1
40040027;sEA;1
80040028;SA;1
50020025;HC;1
40030030;SA;1
80060005;SA;1
40030029;SA;1
30020021;BT;1
20020029;HC;1
50040038;SA;1
80020040;BF;0
60030044;sEA;200000
60040022;sEA;1
30020021;BF;0
70070046;HC;1
80020040;BT;1
40020015;BF;0
80020003;HC;1
80040016;SA;11
80070049;BF;0
20020042;HC;1
80070049;BT;1
40020003;BF;0
70050008;BT;1
50040034;sEA;1
50040043;sEA;1
40030017;SA;1
80050003;sEA;1
50020049;BT;1
60060025;HC;1
60060036;sEA;1
40040004;SA;1
70020049;sEA;1
50020013;HC;1
70020014;sEA;1
80020027;HC;1
50020049;BF;0
80070050;BT;1
60060050;BF;0
80070045;sEA;1
80020038;sEA;1
30020033;BT;1
80070050;BF;0
50020001;sEA;1
70050008;BF;0
40020003;BT;1
30020033;BF;0
60060050;BT;1
30020045;BT;1
70050021;BF;0
50020037;BT;1
50040014;SA;1
40040041;HC;1
70020036;HC;1
50020046;sEA;1
70050021;BT;1
40030013;sEA;1
70040050;SA;10
80020027;BT;1
80020027;BF;0
30020045;BF;0
60050008;sEA;1
50020037;BF;0
70020048;HC;1
80030042;SA;1
30030047;sEA;1
70060015;sEA;1
70040046;sEA;1
70050024;sEA;1
50020025;BF;0
80020039;BF;0
50030039;SA;1
60060001;SA;1
70060007;BF;0
80040041;SA;1
30020021;HC;1
60060050;HC;1
70030027;sEA;1
50040026;SA;1
70070022;SA;1
80020015;HC;1
50020001;HC;1
80040040;sEA;400
70060007;BT;1
60060049;HC;1
20020005;SA;1
60030041;SA;1
80020039;BT;1
50020025;BT;1
30020034;sEA;1
50030040;SA;1
70030033;sEA;200000
40030041;sEA;1
40030005;SA;1
80070049;HC;1
70040031;BT;7
80030005;BT;1
50050034;sEA;1
70030032;HC;14
80030025;sEA;1
30030032;BT;1
50020001;BT;1
60060013;SA;1
40030004;sEA;1
70040031;BF;0
50020001;BF;0
60040036;BT;1
80060029;HC;1
30030032;BF;0
30020043;sEA;1
70040020;sEA;1
70040043;BF;0
50020013;BT;1
60040048;BF;0
60060025;SA;1
80060030;HC;1
80030017;BF;0
80080048;BT;1
30030038;SA;1
50030015;SA;1
50020013;BF;0
20020032;sEA;1
80040031;sEA;279
50030015;sEA;1
70050045;SA;1
70040043;BT;1
40040010;sEA;1
30030007;HC;1
70040006;HC;1
80080024;HC;1
70060019;SA;1
60020029;sEA;1
70030019;HC;1
80070037;HC;1
30030020;BF;0
60060027;sEA;1
80060042;HC;1
70040018;BT;1
60040048;BT;1
80080036;BT;1
80080048;BF;0
70050033;SA;1
30030020;BT;1
30030019;BT;1
60020044;sEA;1
60040039;sEA;1
70060020;SA;1
80030005;BF;0
60040012;BF;0
80080012;HC;1
60040024;HC;1
80050006;SA;1
50030027;SA;1
70030044;HC;62
70060006;sEA;1
60040012;BT;1
50050025;sEA;1
70030044;BF;0
80030030;BT;1
80080024;BT;1
80050018;SA;1
60060049;SA;1
80050035;sEA;1
70060044;SA;1
60050035;BF;0
80070008;sEA;1
70030044;BT;7
30030007;BT;1
30030019;BF;0
80030030;BF;0
80040004;BF;0
30020008;HC;1
80070025;HC;1
50040038;HC;1
80080036;BF;0
80030029;BT;1
60050023;BT;1
50040002;SA;1
80030005;HC;1
40020022;SA;1
60040024;BF;0
70060032;SA;1
80040016;BF;0
60040012;HC;1
60040024;BT;1
80080012;BT;1
80030017;BT;1
80030029;BF;0
30020019;sEA;1
60050011;BF;0
80070013;HC;1
50030003;SA;1
60030050;sEA;1
70060030;sEA;1
60050011;BT;1
60050023;BF;0
70030020;HC;1
20020023;sEA;1
80040004;BT;1
70040018;HC;1
40020010;SA;1
50030024;sEA;1
60040036;BF;0
30030007;BF;0
70050015;sEA;1
80080024;BF;0
80070037;BT;1
60060037;SA;1
40030030;BF;0
70030019;BF;0
80070037;BF;0
80050043;SA;1
80040028;BT;1
50030040;HC;1
50040002;HC;1
50020020;sEA;1
70060032;HC;1
80050050;sEA;1
40030030;BT;1
60050023;HC;1
80030029;HC;1
40030029;BT;1
70030007;BT;1
80070025;BT;1
50040038;BT;1
80060017;SA;1
70030020;BF;0
40040004;BF;0
80070001;HC;1
30020008;BT;1
70030020;BT;1
80040016;BT;6
70060044;HC;1
80050031;SA;1
50040014;HC;1
80080012;BF;0
40030017;BT;1
60060010;sEA;1
40030005;HC;1
60020011;BF;0
30020008;BF;0
70050008;SA;1
40040016;BF;0
80070025;BF;0
40040004;BT;1
70060047;sEA;1
70030007;BF;0
80030042;HC;1
80040004;HC;1
60020011;BT;1
70020023;sEA;1
40030029;BF;0
70030032;BT;5
60060050;SA;1
60050011;HC;1
80030017;HC;1
80060029;SA;1
80070013;BT;1
50040026;HC;1
30030038;sEA;1
80040028;BF;0
70040037;sEA;200000
60050047;HC;1
70030032;BF;0
80020006;sEA;1
60050035;BT;1
50030039;HC;1
40030005;BF;0
70040006;BT;1
50040014;BT;1
80040016;HC;27
70050021;SA;1
80060013;sEA;1
40020034;SA;1
80060030;SA;1
70030007;HC;1
50030015;HC;1
80070001;BT;1
80070013;BF;0
50040026;BF;0
70040018;BF;0
80030042;BF;0
60040036;HC;1
80040016;sEA;200000
50040019;sEA;1
40030017;BF;0
80030042;BT;1
80040028;HC;1
60050047;BF;0
60050032;sEA;1
80040041;BF;0
30020002;sEA;1
60050035;HC;1
50030039;BT;1
20020008;sEA;1
60030007;sEA;1
60050047;BT;1
50030027;HC;1
80040041;BT;1
50050041;SA;1
70070025;sEA;1
50040026;BT;1
50040038;BF;0
40020046;SA;1
70030001;sEA;1
60030035;sEA;200000
50030040;BT;1
80060042;SA;1
80030030;HC;1
60040048;HC;1
70060007;SA;1
80070001;BF;0
70030019;BT;1
40030005;BT;1
50030040;BF;0
70040006;BF;0
50030027;BF;0
80060037;BF;0
70020017;HC;1
60060015;sEA;1
40030039;sEA;1
80050034;SA;1
80040003;sEA;1
80070044;HC;1
80050046;SA;1
80070032;HC;1
50030015;BT;1
70020042;BT;1
60040031;BF;0
60020010;sEA;1
40040001;SA;1
70050034;BF;0
50030039;BF;0
80060037;BT;1
70020042;BF;0
60020048;sEA;1
70050034;BT;1
60040018;BT;1
60040031;BT;1
80060049;BT;1
60020045;HC;1
70050009;HC;1
80040003;SA;1
40040013;SA;1
70020030;HC;1
60040018;BF;0
20020006;SA;1
80060013;BT;1
40040013;sEA;1
80060013;BF;0
70050022;BF;0
80020008;sEA;1
60020001;sEA;1
70050022;BT;1
50030003;HC;1
60040043;BT;1
60040006;BT;1
50020014;sEA;1
70020029;HC;1
80070020;HC;1
50030027;BT;1
80060049;BF;0
60040043;BF;0
70040007;sEA;200000
80060001;BT;1
70030036;HC;1
60040018;HC;1
70040015;BF;0
40040049;HC;1
80020030;SA;1
50020005;sEA;1
70020029;BT;1
80070019;HC;1
80060001;BF;0
80040015;SA;8
60020033;HC;1
40030048;sEA;1
80060025;HC;1
70030012;SA;1
40040050;HC;1
70050022;HC;1
50030003;BF;0
80060050;BT;9
20020018;SA;1
80040027;SA;1
60020021;HC;1
40020041;sEA;1
30030034;SA;1
70050010;HC;1
80060050;BF;0
70040015;BT;1
70040016;sEA;1
70020029;BF;0
60040029;sEA;1
70050019;sEA;1
80060037;HC;1
70050046;BT;1
40040031;sEA;1
40020027;SA;1
20020031;SA;1
50030003;BT;1
50030015;BF;0
60040006;HC;1
80070032;BT;1
40040037;HC;1
70040003;BF;0
80070032;BF;0
60060004;BF;0
70020005;HC;1
80070007;HC;1
70040003;BT;9
60030022;sEA;1
70020030;BT;1
30030022;HC;1
30030046;SA;1
80080040;sEA;1
20020049;sEA;1
60020039;sEA;1
70030048;HC;133
80020042;SA;1
50030035;sEA;1
70020030;BF;0
70050046;BF;0
80030043;sEA;1
60030036;BT;1
60040043;HC;1
80060050;HC;15
70070019;BF;0
50030017;sEA;1
60060016;BF;0
70030048;BT;7
80070020;BF;0
20020018;HC;1
70020005;BF;0
80070020;BT;1
80070019;BT;1
70020005;BT;1
70070007;BT;1
40040050;SA;1
60060004;BT;1
60030036;BF;0
60060033;sEA;1
80040040;SA;4
30030010;HC;1
60020045;SA;1
80060049;HC;1
60060028;BF;0
70030048;BF;0
60030012;HC;1
70020017;BF;0
50040050;SA;1
70070009;sEA;1
40040004;sEA;1
80020017;sEA;1
60030048;BT;6
80070007;BT;1
70070007;BF;0
80070019;BF;0
70030024;HC;1
60030048;BF;0
80070044;SA;1
60020033;SA;1
40020039;SA;1
20020043;BT;1
20020043;BF;0
70030004;sEA;1
40040049;SA;1
60030004;sEA;200000
30030009;HC;1
80080022;sEA;1
70020017;BT;1
80040039;SA;3
60060016;BT;1
50040037;SA;1
60060006;sEA;1
50040029;sEA;1
60060004;HC;1
70050009;BF;0
30030022;BT;1
30030010;sEA;1
40040025;SA;1
20020043;HC;1
40020040;SA;1
20020031;HC;1
60020008;SA;1
40040037;SA;1
70030024;BF;0
70030024;BT;1
80070007;BF;0
30030022;BF;0
60060041;BT;1
60030012;BF;0
40040040;sEA;1
80050019;sEA;1
50030044;sEA;1
60060041;BF;0
50020023;sEA;1
60030012;BT;1
60050009;BF;0
60030024;BF;0
30030010;BF;0
50050012;sEA;1
60060028;BT;1
60060016;HC;1
70050010;BT;1
30030010;BT;1
60030024;BT;1
60020021;SA;1
60040031;HC;1
70050010;BF;0
30030009;BT;1
50040049;SA;1
70040025;sEA;1
80060025;SA;1
70050009;BT;1
80030029;sEA;1
70030012;HC;1
30020006;SA;1
70030036;BF;0
60040038;sEA;1
70030036;BT;1
30020012;BF;0
60050021;sEA;1
70070032;HC;1
60050022;BF;0
70060025;BT;1
40040001;BF;0
80080035;HC;1
60050022;BT;1
30030001;sEA;1
70040043;sEA;1
40020039;HC;1
80050034;BT;1
50040001;SA;1
70030022;sEA;200000
80050034;BF;0
80020029;HC;1
80050009;HC;1
60040031;SA;1
80070023;sEA;1
40020027;HC;1
50040013;SA;1
80050046;BT;1
80050046;BF;0
80020017;HC;1
80020030;HC;1
60030048;HC;16
40020040;HC;1
40030010;SA;1
70020042;SA;1
60040018;SA;1
70060025;BF;0
40040001;BT;1
60040047;sEA;1
70050034;SA;1
80040003;BT;1
40040013;BT;1
80050010;HC;1
30020018;SA;1
50050003;sEA;1
60050009;BT;1
80040003;BF;0
70070019;HC;1
70060037;BT;1
80060013;SA;1
30020027;sEA;1
80020042;HC;1
80080023;HC;1
70060001;HC;1
70050033;sEA;1
60040006;SA;1
70060037;BF;0
70040039;HC;198
80060049;sEA;1
70050022;SA;1
70070044;HC;1
60040043;SA;1
60050010;BF;0
40040013;BF;0
60060028;HC;1
80070039;sEA;1
60060042;sEA;1
50040025;SA;1
80020005;HC;1
40020015;HC;1
40030009;SA;1
60050010;BT;1
70070007;HC;1
70020029;SA;1
70060050;BT;1
80020030;BT;1
80030024;SA;1
80060001;SA;1
80080047;BT;1
60050010;HC;1
40020003;HC;1
70060013;HC;1
80030048;HC;1
80040015;BT;9
80040027;BF;0
60050046;BT;1
70060050;BF;0
80080011;HC;1
50030008;sEA;1
80030034;sEA;1
80020030;BF;0
30030034;BF;0
80040027;BT;1
40030046;HC;1
50050032;SA;1
60050046;BF;0
80040015;BF;0
50020040;SA;1
50040049;HC;1
30030034;BT;1
50050043;sEA;1
70040015;SA;1
30020031;SA;1
80080047;BF;0
80050022;HC;1
60030024;HC;1
70040040;HC;1
80080035;BF;0
30020043;SA;1
60060041;HC;1
50020039;SA;1
70050046;SA;1
80070032;SA;1
30030046;BF;0
70020048;sEA;1
70060049;BF;0
40020027;BT;1
60050034;BT;1
30020036;sEA;1
70040003;SA;10
70020030;SA;1
80050028;sEA;1
80050034;HC;1
80020042;BF;0
30030046;BT;1
60050009;HC;1
80070014;sEA;1
40020027;BF;0
70060049;BT;1
60050034;BF;0
80020042;BT;1
40030034;HC;1
50050044;SA;1
80080035;BT;1
80030012;SA;1
50040050;HC;1
60030036;HC;1
70060024;sEA;1
70070019;BT;1
70060025;HC;1
80070020;SA;1
60030036;SA;1
70040040;BF;0
80020005;SA;1
50040038;sEA;1
50040025;HC;1
70030048;SA;4
40020015;SA;1
80080023;BF;0
70040040;BT;1
80060020;sEA;288
70040039;BT;5
70040003;HC;28
80070019;SA;1
70020005;SA;1
60060004;SA;1
80040040;BF;0
80080023;BT;1
40040050;BF;0
60050034;HC;1
80080031;sEA;1
70070020;BT;1
30020009;sEA;1
70070020;BF;0
70040039;BF;0
70070007;SA;1
80040040;BT;7
40040050;BT;1
70050046;HC;1
80040003;HC;1
50020027;SA;1
60050012;sEA;1
40040013;HC;1
60030013;sEA;1
50040050;BF;0
70050034;HC;1
70020031;sEA;1
80040039;BF;0
40040049;BF;0
70040027;BT;1
80070007;SA;1
80030036;SA;1
30030034;HC;1
50040050;BT;1
60030048;SA;3
40020005;sEA;1
40030046;SA;1
40020039;BF;0
80050046;HC;1
80080011;BF;0
20020043;SA;1
80020029;SA;1
80040037;sEA;1
80070044;BT;1
50020015;SA;1
50040001;HC;1
80070044;BF;0
40040025;HC;1
80040015;HC;38
80080011;BT;1
40020039;BT;1
80040039;BT;7
40020003;SA;1
60060016;SA;1
60050022;HC;1
70070032;BF;0
70070032;BT;1
70070045;sEA;1
70040027;BF;0
40040049;BT;1
50040037;HC;1
70020017;SA;1
70020042;HC;1
70060027;sEA;1
40020040;BT;1
50040037;BT;1
40030023;sEA;1
70070044;BT;1
40030034;SA;1
50050044;HC;1
80040039;HC;20
80050009;SA;1
40040025;BT;1
70060001;BF;0
40020040;BF;0
50050020;SA;1
30030022;SA;1
30030046;HC;1
80040040;HC;67
40040037;BF;0
40040025;BF;0
70060001;BT;1
20020015;sEA;1
80060013;HC;1
40040037;BT;1
70030024;SA;1
50040037;BF;0
50030046;SA;1
80050010;SA;1
60060041;SA;1
50050019;SA;1
70040027;HC;1
50020041;sEA;1
70070044;BF;0
60030012;SA;1
20020042;sEA;1
70060013;BF;0
60060028;SA;1
80050022;SA;1
30030010;SA;1
60030024;SA;1
70070018;sEA;1
70040015;HC;1
40040001;HC;1
70070020;HC;1
50040049;BT;1
80060025;BF;0
80020017;SA;1
50020003;SA;1
30030009;SA;1
80020026;sEA;1
80040027;HC;1
50040013;HC;1
70050010;SA;1
50040049;BF;0
50050007;SA;1
80060025;BT;1
50030034;SA;1
60050046;HC;1
80030048;SA;1
70050009;SA;1
40020032;sEA;1
70060013;BT;1
80060001;HC;1
80080004;sEA;1
40030022;SA;1
70030036;SA;1
40020045;HC;1
60030043;HC;59
80060020;SA;3
50030010;SA;1
50020040;HC;1
60030038;sEA;1
70060018;sEA;1
60050016;BF;0
70060025;SA;1
30020006;BF;0
40030015;SA;1
50040013;BF;0
40030040;sEA;1
50040001;BT;1
40040018;BF;0
70070039;sEA;1
60060023;HC;1
70030005;BF;0
40040006;BT;1
60040013;SA;1
50050019;HC;1
80080029;HC;1
50040001;BF;0
50040013;BT;1
60060011;HC;1
20020012;BF;0
50030009;SA;1
80080030;HC;1
60040025;SA;1
50020039;HC;1
80060014;sEA;1
60050016;BT;1
30020018;BF;0
40030003;SA;1
50040025;BF;0
30020018;BT;1
50020027;HC;1
60060047;BT;1
50050007;HC;1
60040001;SA;1
20020012;BT;1
20020024;BF;0
50030022;SA;1
80080017;HC;1
80060007;SA;1
80060032;SA;1
60050004;BF;0
50050046;sEA;1
80040043;sEA;1
50050032;HC;1
70060037;SA;1
50050037;sEA;1
80080042;BT;1
70030034;sEA;1
40040018;BT;1
80080042;BF;0
60050004;BT;1
70060042;sEA;1
40020021;HC;1
60050033;sEA;1
80080048;sEA;1
50040025;BT;1
60040037;SA;1
70030029;BF;0
60060047;BF;0
60030018;HC;1
20020036;BF;0
80030024;BF;0
80080030;BT;1
70070048;sEA;1
60050004;HC;1
50020015;HC;1
80030024;BT;1
80070038;SA;1
70060050;SA;1
80080030;BF;0
50020040;BT;1
80060044;SA;1
50050032;BT;1
20020024;BT;1
50020003;HC;1
50050032;BF;0
30020031;BT;1
60030043;BT;7
20020048;BF;0
60060047;HC;1
50020040;BF;0
70030017;BT;1
60040021;sEA;1
30020031;BF;0
60030043;BF;0
80080039;sEA;1
50020039;BT;1
30020043;BT;1
50050044;BF;0
70030017;BF;0
60060035;HC;1
60020040;SA;1
60040003;sEA;1
80070026;SA;1
80080029;BF;0
60050028;BT;1
30020043;BF;0
40020049;sEA;1
50030046;HC;1
70020022;sEA;1
60030031;HC;1
70020005;sEA;1
70060049;SA;1
40040006;BF;0
50050020;HC;1
80050002;sEA;1
70030005;BT;1
80080005;HC;1
20020012;HC;1
40030040;HC;1
40020008;HC;1
80030012;BT;1
20020036;BT;1
80040019;sEA;1
80060005;sEA;1
30020018;HC;1
80080029;BT;1
50020039;BF;0
50050044;BT;1
80030012;BF;0
60050028;BF;0
70070019;SA;1
80030012;HC;1
50020027;BF;0
80020005;BT;1
80070014;SA;1
30020033;sEA;1
80020005;BF;0
40030014;sEA;1
70040039;SA;9
70040040;SA;1
70060049;HC;1
40020021;SA;1
80080017;BF;0
50050007;BF;0
80080005;BT;1
40040031;HC;1
50030034;HC;1
40020033;BF;0
50030022;HC;1
70070020;SA;1
80020029;sEA;1
30030018;sEA;1
80080017;BT;1
80040028;sEA;1
70060037;HC;1
40020033;BT;1
70060050;HC;1
80080005;BF;0
60050028;HC;1
50020027;BT;1
80050049;sEA;1
70040027;SA;1
30020031;HC;1
60050016;HC;1
50020015;BF;0
80020029;BF;0
30030028;SA;1
80030036;BT;1
20020033;sEA;1
40020008;SA;1
80030036;BF;0
60060011;SA;1
80060023;sEA;1
50020015;BT;1
60030031;SA;1
80020029;BT;1
80050009;BF;0
60050041;BT;1
60030047;sEA;200000
20020018;sEA;1
40020045;BF;0
80070002;SA;1
40020045;BT;1
70070032;SA;1
60050041;BF;0
30030016;SA;1
60040049;SA;1
50030046;BF;0
50030009;HC;1
70070044;SA;1
70060009;sEA;1
50050020;BT;1
60030010;sEA;200000
80050009;BT;1
50050020;BF;0
40030040;SA;1
80030036;HC;1
70060001;SA;1
40030039;SA;1
60030006;SA;1
80060007;HC;1
40040006;HC;1
80050010;BT;1
50040035;sEA;1
30020043;HC;1
40040043;BF;0
50030046;BT;1
60060035;SA;1
60050042;sEA;1
50050019;BT;1
40040043;BT;1
80050010;BF;0
40040018;HC;1
50050019;BF;0
60050041;HC;1
80050022;BF;0
40040048;sEA;1
80020017;BT;1
50020003;BT;1
50050028;sEA;1
40020033;HC;1
80050022;BT;1
80040034;sEA;200000
40030027;SA;1
50020003;BF;0
80020017;BF;0
40040031;BF;0
50050007;BT;1
50030034;BT;1
80030048;BF;0
50030034;BF;0
80030048;BT;1
40040031;BT;1
70020013;sEA;1
60060023;SA;1
80070038;HC;1
80030024;HC;1
60030018;SA;1
50030010;HC;1
70060013;SA;1
30030004;SA;1
60040050;SA;1
70040019;sEA;200000
40030015;BT;1
70050040;BF;0
80050028;SA;1
80060020;BF;0
50030010;BF;0
70050040;BT;1
80060020;BT;11
50030010;BT;1
70050039;BT;1
70050003;HC;1
40030027;BF;0
30030048;sEA;1
50030009;BT;1
70040004;sEA;1
70050025;sEA;1
80020048;SA;1
30030009;BF;0
60050016;SA;1
40030003;BT;1
80080013;sEA;1
70040008;BF;0
70020023;HC;1
50020049;sEA;1
40020014;sEA;1
70050027;BT;1
60060047;SA;1
80060032;BT;1
70050015;HC;1
80040046;HC;1
20020024;sEA;1
20020012;SA;1
50030022;BT;1
80020044;sEA;1
80060032;BF;0
50030022;BF;0
50030038;sEA;1
60020008;BF;0
60050004;SA;1
80080042;SA;1
30020018;sEA;1
50030023;sEA;1
70050016;sEA;1
70020035;HC;1
70050039;BF;0
40030015;BF;0
70020035;BT;1
80030026;sEA;1
80020024;SA;1
70040021;BF;0
40030005;sEA;1
70020035;BF;0
80080030;SA;1
80060019;HC;1
70040021;BT;1
80040009;SA;1
70020047;BF;0
70050039;HC;1
80060044;BT;1
70050042;sEA;1
80060044;BF;0
70040034;sEA;1
20020024;SA;1
60060050;sEA;1
70030013;sEA;1
70020047;BT;1
60030043;SA;10
80060020;HC;25
30020042;sEA;1
70030042;HC;168
50030014;sEA;1
70030017;SA;1
60050028;SA;1
80020035;sEA;1
70040008;BT;1
40030003;BF;0
40020023;sEA;1
80050041;SA;1
70020011;HC;1
60020045;sEA;1
50030009;BF;0
80020036;SA;1
50030029;sEA;1
70030005;SA;1
80070031;sEA;1
50020032;sEA;1
80060032;HC;1
60060009;sEA;1
30030039;sEA;1
80080029;SA;1
80040010;SA;1
70070025;BF;0
60020013;sEA;1
70050027;HC;1
20020036;SA;1
50040044;sEA;1
30030041;SA;1
40020021;BT;1
70030017;HC;1
80080005;SA;1
80060044;HC;1
80040034;SA;4
40020021;BF;0
40030039;HC;1
60020008;HC;1
20020024;HC;1
50040003;sEA;1
80080017;SA;1
70020011;BT;1
60020045;BT;1
70020011;BF;0
70070013;BT;1
80070048;sEA;1
80070005;sEA;1
50040044;SA;1
70030029;HC;22
60020045;BF;0
20020009;sEA;1
70020023;BF;0
20020048;BT;1
20020050;sEA;1
30020006;HC;1
70070013;BF;0
80040022;SA;1
20020036;HC;1
70030030;HC;37
50020008;sEA;1
70020023;BT;1
70050003;BF;0
30020001;sEA;1
40040039;sEA;1
40020008;BT;1
70030005;HC;1
70070001;BT;1
40030027;HC;1
60020033;BF;0
60050041;SA;1
60050003;sEA;1
60020033;BT;1
40030040;BT;1
70050015;BF;0
80020005;sEA;1
60060024;sEA;1
40030031;sEA;1
70030029;BT;5
40030003;HC;1
70070001;BF;0
40030040;BF;0
50040020;SA;1
60040006;BF;0
40020008;BF;0
70030030;BT;5
70060033;sEA;1
70050003;BT;1
30030022;sEA;1
60020008;BT;1
40030039;BT;1
70030043;sEA;1
70050027;BF;0
70030030;BF;0
40030015;HC;1
40040022;sEA;1
70030042;BF;0
60020021;BT;1
40030027;BT;1
70030042;BT;5
80080042;HC;1
60020021;BF;0
40030039;BF;0
50040032;SA;1
80060019;SA;1
80040046;SA;1
30030009;sEA;1
70020039;sEA;1
70050015;BT;1
60040012;sEA;1
20020048;HC;1
30020006;BT;1
20020012;sEA;1
80050028;BT;1
70060031;BT;1
80060043;SA;1
60050039;BF;0
50040024;BT;1
60060042;SA;1
50040036;BF;0
80060037;sEA;1
70060031;BF;0
80030037;sEA;1
70070024;sEA;1
70060043;BF;0
80020032;sEA;1
70060043;BT;1
60050027;BT;1
70070045;SA;1
60050003;HC;1
80050028;BF;0
80080041;HC;1
70060006;HC;1
60030005;SA;1
80050004;HC;1
50040048;BF;0
80080016;sEA;1
20020001;BF;1
80070011;sEA;1
50050026;SA;1
40030004;SA;1
60060030;SA;1
60050015;BT;1
60050027;BF;0
50040036;BT;1
20020001;BT;1
80040011;sEA;1
30020013;SA;1
70060018;HC;1
80020023;sEA;1
70060010;sEA;1
50040012;HC;1
70030006;BT;1
20020013;BF;0
70040021;SA;1
40030041;HC;1
80050016;HC;1
80040020;sEA;1
60050027;HC;1
70040045;HC;1
50020038;HC;1
70020035;SA;1
80080028;HC;1
70020047;SA;1
60030030;HC;1
50040012;BF;0
70030006;BF;0
20020013;BT;1
30020025;SA;1
80060006;SA;1
80030043;HC;1
80030018;SA;1
80050023;sEA;1
50040012;BT;1
80050041;BF;0
30020037;SA;1
20020025;BT;1
70040008;SA;1
80080041;BF;0
40030028;HC;1
70050036;sEA;1
80080034;sEA;1
70070008;SA;1
60050040;BT;1
80050041;BT;1
70040040;sEA;1
60050040;BF;0
80080041;BT;1
80070020;sEA;1
60030042;HC;1
50040024;BF;0
80020041;sEA;1
60050015;HC;1
80030006;SA;1
50050038;SA;1
70060031;HC;1
30030013;sEA;1
50020026;HC;1
70070033;sEA;1
20020025;BF;0
60040042;sEA;1
80080016;HC;1
70020043;sEA;1
40020038;BF;0
60050039;BT;1
80050028;HC;1
80050034;sEA;1
80020028;BT;1
30020049;SA;1
50020002;HC;1
50050008;sEA;1
80030043;SA;1
80020014;sEA;1
70060001;sEA;1
60020039;BF;0
60030042;SA;1
80080028;BT;1
60060021;sEA;1
50020038;BT;1
70020034;sEA;1
60020039;BT;1
30020001;HC;1
60050040;HC;1
80030031;SA;1
40040007;sEA;1
40020002;HC;1
20020030;sEA;1
80020016;BT;1
50020014;HC;1
70020011;SA;1
80020016;BF;0
40030041;SA;1
80020050;sEA;1
40020026;BT;1
80080004;HC;1
60050039;HC;1
70040033;BT;1
80080016;BT;1
40020026;BF;0
80020041;BF;0
70020023;SA;1
80080007;sEA;1
80020041;BT;1
80070002;sEA;1
70040033;BF;0
50020026;BT;1
50020038;BF;0
50030041;SA;1
50050020;sEA;1
60020027;BF;0
80020004;BT;1
80080028;BF;0
80060019;sEA;1
40020014;BT;1
60020027;BT;1
70050047;SA;1
80020004;BF;0
30020048;sEA;1
60020003;HC;1
30020050;SA;1
70060006;BF;0
80050041;HC;1
70040008;HC;1
50020014;BT;1
60050003;SA;1
60020003;BF;0
70070021;SA;1
70060006;BT;1
70070013;sEA;1
50030050;sEA;1
80080004;BF;0
60020003;BT;1
80020016;HC;1
70030048;sEA;374
80060046;sEA;1
40020002;BT;1
60030017;SA;1
50050014;SA;1
50030028;SA;1
20020003;sEA;1
40020014;BF;0
50050038;HC;1
60030030;sEA;1
50020026;BF;0
70060018;BF;0
30030004;sEA;1
70040033;HC;1
50020002;BT;1
60020004;sEA;1
80080043;sEA;1
30030027;SA;1
80050005;sEA;1
80050004;SA;1
80080016;BF;0
40030028;SA;1
50020002;BF;0
40020037;sEA;1
60030030;SA;1
50050002;SA;1
50020017;sEA;1
70070042;sEA;1
80020004;HC;1
70020047;HC;1
70060018;BT;1
60020015;BT;1
30020001;BT;1
70040031;sEA;294
70070033;SA;1
30030015;SA;1
70040045;BF;0
40020002;BF;0
60030029;SA;1
30020001;BF;0
40030016;SA;1
60030018;sEA;1
70040045;BT;1
60020015;BF;0
70050045;sEA;1
50020014;BF;0
80020028;BF;0
80050016;SA;1
80080004;BT;1
80040049;sEA;200000
70040021;HC;1
80060043;BF;0
70050016;BT;1
70050028;BF;0
70070004;sEA;1
70060031;SA;1
80060043;BT;1
60040025;BF;0
80030017;sEA;1
40040006;SA;1
60040013;BT;1
70050028;BT;1
60050027;SA;1
40030020;sEA;1
70050016;BF;0
60040013;BF;0
60040025;BT;1
70060043;SA;1
80060018;HC;1
60060003;sEA;1
70020016;sEA;1
50050002;HC;1
50030004;SA;1
80070026;HC;1
60040001;BF;0
50030016;SA;1
60040001;BT;1
60040037;BF;0
30030008;BF;0
40030004;BT;1
60050015;SA;1
50050026;BT;1
20020049;HC;1
60020039;HC;1
30020013;BF;0
50050026;BF;0
40030004;BF;0
20020001;SA;1
60020040;HC;1
20020050;HC;1
30020013;BT;1
40040018;SA;1
80070014;HC;1
80040008;SA;1
60040037;BT;1
60050029;sEA;1
40020046;sEA;1
30030008;BT;1
80030018;BF;0
80060031;HC;1
30030039;SA;1
80070002;HC;1
80020047;SA;1
30020025;BF;0
70030006;SA;1
60020027;HC;1
80070038;BT;1
30030040;SA;1
80070038;BF;0
70050041;BF;0
60020015;HC;1
50050026;HC;1
60030027;sEA;1
70030031;HC;35
70050041;BT;1
60040001;HC;1
70030007;sEA;1
80040033;SA;1
80030018;BT;1
20020013;SA;1
30020025;BT;1
60050038;sEA;1
70050004;HC;1
40040043;HC;1
50020026;sEA;1
80070026;BT;1
80080041;SA;1
30020037;BT;1
20020025;SA;1
60020040;BT;1
80030006;BF;0
70060039;sEA;1
60050040;SA;1
50050038;BF;0
30020010;sEA;1
70030043;HC;1
60020040;BF;0
80040008;sEA;1
80030006;BT;1
50050014;HC;1
50050038;BT;1
80040021;SA;1
70050016;HC;1
50030041;HC;1
80060043;HC;1
80070026;BF;0
60050039;SA;1
30020037;BF;0
40030011;sEA;1
80030043;BF;0
70030031;BT;5
60040037;HC;1
30020049;BT;1
70070002;BT;1
80070014;BT;1
20020049;BF;0
80080028;SA;1
70030031;BF;0
20020037;BT;1
80030043;BT;1
30020013;HC;1
20020001;HC;1
40030016;HC;1
80030006;HC;1
40040043;sEA;1
60040006;sEA;1
40030041;BT;1
50040023;sEA;1
80030031;BT;1
20020049;BT;1
20020037;BF;0
40020033;SA;1
60020039;SA;1
40030004;HC;1
70030039;sEA;1
80030031;BF;0
70070002;BF;0
40030041;BF;0
70050007;sEA;1
30020049;BF;0
50030016;HC;1
80070014;BF;0
50030041;BT;1
30020025;HC;1
80080016;SA;1
50040026;sEA;1
20020013;HC;1
80040045;SA;12
60050024;sEA;1
80070002;BF;0
50030041;BF;0
70030018;BT;1
60040050;HC;1
70040013;sEA;200000
70040033;SA;1
60060011;BT;1
70060043;HC;1
70030018;BF;0
70030043;BF;0
60040013;HC;1
60020027;SA;1
30020050;BT;1
60060011;BF;0
40030025;sEA;1
50030028;HC;1
70030043;BT;1
60040049;HC;1
40020045;SA;1
50030049;sEA;1
30030042;sEA;1
30020050;BF;0
80050014;sEA;1
80070002;BT;1
40020019;sEA;1
40030028;BF;0
80060018;SA;1
50050017;sEA;1
60020003;SA;1
80050043;sEA;1
70020002;sEA;1
70060006;SA;1
60040049;BT;1
80030031;HC;1
60040033;sEA;1
80050004;BF;0
60060035;BF;0
50040043;SA;1
50030028;BT;1
50050014;BT;1
50030028;BF;0
50030032;sEA;1
30020039;sEA;1
70030018;HC;1
50050014;BF;0
60020036;sEA;1
40030028;BT;1
30020037;HC;1
80070040;sEA;1
60060035;BT;1
60040049;BF;0
80050004;BT;1
20020025;HC;1
40040043;SA;1
70050004;BT;1
80050016;BF;0
30020050;HC;1
20020050;BT;1
80030018;HC;1
50050002;BT;1
50030004;HC;1
20020050;BF;0
40030016;BF;0
60040025;HC;1
60020015;SA;1
30020001;SA;1
60060023;BF;0
70060018;SA;1
40030016;BT;1
40040016;sEA;1
70040045;SA;1
60060030;sEA;1
80030046;sEA;1
60040050;BF;0
20020037;HC;1
40040031;SA;1
60060023;BT;1
60020009;sEA;1
80050016;BT;1
70050004;BF;0
80080004;SA;1
80060031;SA;1
50050002;BF;0
30020049;HC;1
70030006;HC;1
60040050;BT;1
50030004;BF;0
60020033;sEA;1
70040002;BT;1
70040002;BF;0
40030009;BF;0
60050022;SA;1
80040008;BF;0
80020035;HC;1
60040007;BT;1
80050011;SA;1
50040018;SA;1
80070021;HC;1
70070026;HC;1
50020029;sEA;1
30030036;sEA;1
70050013;sEA;1
70050016;SA;1
30030003;BT;1
30030015;BF;0
40040012;SA;1
60020046;HC;1
40030010;BF;0
70040014;BF;0
40030010;BT;1
70070014;HC;1
70050028;SA;1
80070019;sEA;1
50030004;BT;1
40020011;sEA;1
60040007;BF;0
50040017;sEA;1
50030016;BT;1
50040031;SA;1
70070038;HC;1
60050009;SA;1
50040041;sEA;1
70040039;sEA;200000
80070008;HC;1
70020041;HC;1
80050023;SA;1
80020011;HC;1
30030003;BF;0
50040032;sEA;1
50030016;BF;0
60060038;sEA;1
80070033;BT;1
80070043;sEA;1
60020034;HC;1
40030009;BT;1
70070002;HC;1
60050010;SA;1
80040008;BT;1
30030039;BF;0
80070033;BF;0
80070045;HC;1
40040024;SA;1
80020047;HC;1
80050047;SA;1
80020047;BF;0
30030039;BT;1
30030045;sEA;1
70020041;BT;1
70040038;BF;0
80080047;SA;1
60020046;BT;1
60020010;HC;1
80020047;BT;1
60050046;SA;1
70050004;sEA;1
70020041;BF;0
60020046;BF;0
70050022;sEA;1
70020016;HC;1
80070021;BT;1
70030025;sEA;1
60060047;sEA;1
80040033;BT;1
70040026;BT;1
70050041;SA;1
80070021;BF;0
60040020;BT;1
30030040;BF;0
80050035;SA;1
60020009;HC;1
60020018;sEA;1
80040033;BF;0
60040020;BF;0
30030040;BT;1
70040002;HC;1
80040008;HC;1
60020022;HC;1
50040006;SA;1
60020034;BF;0
70020028;HC;1
70070014;BT;1
60040019;BT;1
80020023;HC;1
70040014;BT;1
60050034;SA;1
70040026;BF;0
50020045;SA;1
60020034;BT;1
70070014;BF;0
60040019;BF;0
80040021;BF;0
70070001;sEA;1
40020002;sEA;1
80080035;SA;1
80040021;BT;1
40030022;HC;1
40020038;SA;1
50020033;SA;1
60040020;HC;1
70070002;SA;1
80070008;BF;0
80040021;HC;1
80020011;SA;1
20020037;SA;1
70050041;HC;1
70020016;BT;1
70020028;BF;0
70030031;SA;5
70030040;sEA;200000
30020013;sEA;1
60020010;SA;1
60040019;HC;1
80020023;SA;1
80080023;SA;1
80050011;sEA;1
60030001;sEA;1
20020049;SA;1
50040031;HC;1
30030039;HC;1
80070008;BT;1
60040032;HC;1
40040019;sEA;1
60060005;BT;1
80040045;BF;0
70070026;BF;0
80050046;sEA;1
30030040;HC;1
40030034;sEA;1
80040045;BT;9
40030046;BT;1
70050028;HC;1
70040048;sEA;1
70030018;SA;1
40030010;HC;1
40020020;sEA;1
50040043;HC;1
60020027;sEA;1
70070026;BT;1
60040044;HC;1
70020028;BT;1
80080011;SA;1
40030046;BF;0
70030043;SA;1
70020004;HC;1
60060005;BF;0
60020022;SA;1
50020021;SA;1
50020044;sEA;1
70060036;sEA;1
60040007;HC;1
80020035;SA;1
80060018;BF;0
60040030;sEA;1
70070038;BF;0
50020008;SA;1
40030034;BT;1
80060018;BT;1
60040032;BF;0
60060017;BT;1
40040034;sEA;1
40040048;SA;1
30020007;SA;1
80030008;sEA;1
50040043;BT;1
50040043;BF;0
60040032;BT;1
60060029;BF;0
30030027;sEA;1
50040018;HC;1
60060029;BT;1
60060017;BF;0
70070038;BT;1
70070036;sEA;1
40030034;BF;0
80040045;HC;21
60060029;sEA;1
40040036;SA;1
60020009;SA;1
80040033;HC;1
80070045;SA;1
60050015;sEA;1
70020004;BF;0
50040008;sEA;1
70020004;BT;1
70050004;SA;1
80030014;sEA;1
60040044;BT;1
40030009;HC;1
20020050;SA;1
60040044;BF;0
50050049;sEA;1
70020016;BF;0
80060031;BT;1
40030022;BF;0
40030022;BT;1
80060031;BF;0
80080047;HC;1
80060006;HC;1
60040024;sEA;1
50050033;SA;1
60040007;SA;1
70040002;SA;1
40040024;BF;0
70060048;BT;1
80050011;BT;1
20020047;sEA;1
60060042;BT;1
30030003;SA;1
40040025;sEA;1
50040018;BT;1
60060042;BF;0
80050011;BF;0
40040012;BT;1
60050030;sEA;1
20020006;BF;0
80040046;sEA;1
50020045;HC;1
70060012;HC;1
80060002;sEA;1
80030050;HC;1
50050021;SA;1
60030005;BF;0
60060005;HC;1
40040036;BF;0
80060037;SA;1
70060036;BT;1
60060030;BT;1
40030019;sEA;1
70020040;sEA;1
50040031;BF;0
80050020;sEA;1
50020050;sEA;1
80060049;SA;1
80030037;HC;1
60030005;BT;1
50050045;SA;1
60060030;BF;0
20020006;BT;1
20020018;BF;0
50040031;BT;1
70060024;HC;1
80050023;BT;1
60060017;HC;1
80050023;BF;0
60030017;BF;0
50040006;HC;1
50020033;HC;1
40040024;BT;1
80070033;SA;1
60060012;sEA;1
70060048;BF;0
70020025;sEA;1
80030001;SA;1
40020026;HC;1
50020021;HC;1
70030031;sEA;200000
70060036;HC;1
80050047;BT;1
70030012;BT;1
20020038;sEA;1
70020041;SA;1
80060011;sEA;1
70030012;BF;0
60020046;SA;1
60040015;sEA;1
80050011;HC;1
80060050;SA;3
20020018;BT;1
80070021;SA;1
30020019;SA;1
60060042;HC;1
70040026;SA;1
80040014;sEA;1
60040020;SA;1
70060045;sEA;1
80050035;BT;1
70060048;HC;1
60030009;sEA;200000
80050035;BF;0
50040006;BF;0
80060006;BT;1
60020034;SA;1
30020020;SA;1
60030033;sEA;1
70070027;sEA;1
50040006;BT;1
60060029;HC;1
80060006;BF;0
80060043;sEA;1
70040014;SA;1
40020014;HC;1
80050023;HC;1
60050006;sEA;1
20020031;BT;1
50020045;BF;0
60040019;SA;1
40040012;BF;0
20020031;BF;0
50020045;BT;1
40030043;sEA;1
70070014;SA;1
20020006;HC;1
20020006;sEA;1
50040018;BF;0
60060030;HC;1
50030041;sEA;1
80050047;BF;0
40020028;sEA;1
30020004;sEA;1
80030049;HC;1
30030027;HC;1
60030042;BT;1
50020033;BF;0
80020011;BT;1
80020049;sEA;1
80050035;HC;1
40020038;BT;1
50030047;SA;1
70040026;HC;1
30020032;SA;1
50020033;BT;1
80020011;BF;0
60030042;BF;0
70020016;SA;1
60030017;HC;1
80030025;SA;1
40040048;HC;1
80020023;BF;0
40020026;SA;1
50020008;HC;1
40030002;sEA;1
70070010;sEA;1
80030023;sEA;1
80070008;SA;1
80020023;BT;1
80050047;HC;1
80030049;SA;1
50030035;SA;1
60060005;SA;1
50020035;sEA;1
60030029;HC;1
70060004;sEA;1
30030015;HC;1
80030013;SA;1
70040022;sEA;1
80030050;SA;1
70060012;BF;0
80020035;BT;1
30020044;SA;1
50020021;BT;1
70020028;SA;1
70040014;HC;1
40020014;SA;1
70070026;SA;1
40040036;HC;1
80020035;BF;0
50020021;BF;0
70040038;BT;1
50050008;SA;1
60040032;SA;1
20020021;sEA;1
50020008;BT;1
50030026;sEA;1
60050003;BT;1
80070034;sEA;1
40020002;SA;1
60060017;SA;1
70060012;BT;1
70060024;BF;0
60020042;sEA;1
60030017;BT;1
60030029;BF;0
40040012;HC;1
40040048;BT;1
80060028;sEA;1
60060029;SA;1
30030003;HC;1
50030011;SA;1
60050015;BF;0
80050037;sEA;1
80070045;BF;0
40020038;HC;1
30030027;BT;1
50050033;HC;1
70070038;SA;1
70040038;HC;1
80070045;BT;1
30030027;BF;0
60030030;BF;0
70060036;BF;0
80070033;HC;1
40040024;HC;1
40040036;BT;1
70020004;SA;1
80080025;sEA;1
60040044;SA;1
30020045;sEA;1
60030030;BT;1
70060024;BT;1
60030029;BT;1
50050023;sEA;1
30030015;BT;1
40040048;BF;0
50050045;HC;1
60030005;HC;1
50030023;SA;1
80030037;SA;1
50020008;BF;0
60050003;BF;0
60050047;sEA;1
70030016;sEA;1
