Algo;Steps;delayOkay
BT;2;true
BT;4;true
BT;5;true
BT;3949;false
BT;10;true
BT;2;true
BT;2;true
BT;4;true
BT;6;true
BT;6;true
BT;4;true
BT;20;true
BT;20;true
BT;6;true
BT;5;true
BT;4;true
BT;4;true
BT;20;true
BT;2;true
BT;2036;true
BT;6;true
BT;20;true
BT;3949;false
BT;3949;false
BT;8;true
BT;6;true
BT;3949;false
BT;4;true
BT;20;true
BT;4;true
BT;101;true
BT;2;true
BT;46;true
BT;4;true
BT;2;true
BT;78;true
BT;4;true
BT;6;true
BT;20;true
BT;6;true
BT;4;true
BT;4;true
BT;9;true
BT;85;true
BT;2;true
BT;5;true
BT;46;true
BT;356;true
BT;31;true
BT;5;true
BT;2;true
BT;4;true
BT;2;true
BT;2;true
BT;20;true
BT;5;true
BT;16;true
BT;13;true
BT;46;true
BT;2;true
BT;4;true
BT;3949;false
BT;14;true
BT;4;true
BT;2;true
BT;730;true
BT;46;true
BT;20;true
BT;4;true
BT;3949;false
BT;4;true
BT;8;true
BT;20;true
BT;8;true
BT;6;true
BT;2;true
BT;4;true
BT;78;true
BT;3949;false
BT;4;true
BT;7;true
BT;2;true
BT;6;true
BT;4;true
BT;20;true
BT;9;true
BT;144;true
BT;6;true
BT;4;true
BT;3949;false
BT;20;true
BT;20;true
BT;46;true
BT;20;true
BT;4;true
BT;4;true
BT;4;true
BT;20;true
BT;46;true
BT;5;true
