Algo;Steps;delayOkay
BT;9;true
BT;11;true
BT;667;true
BT;8206;false
BT;2299;true
BT;6;true
BT;8207;false
BT;10;true
BT;98;true
BT;667;true
BT;2316;true
BT;33;true
BT;10;true
BT;8206;false
BT;2038;true
BT;23;true
BT;33;true
BT;7;true
BT;11;true
BT;11;true
BT;407;true
BT;7;true
BT;2316;true
BT;23;true
BT;7;true
BT;8206;false
BT;98;true
BT;341;true
BT;16;true
BT;98;true
BT;863;true
BT;8207;false
BT;342;true
BT;23;true
BT;342;true
BT;146;true
BT;8207;false
BT;7;true
BT;2299;true
BT;13;true
BT;14;true
BT;8208;false
BT;2;true
BT;9;true
BT;359;true
BT;10;true
BT;8206;false
BT;8207;false
BT;11;true
BT;8206;false
BT;11;true
BT;12;true
BT;23;true
BT;10;true
BT;8206;false
BT;163;true
BT;8206;false
BT;2038;true
BT;8206;false
BT;13;true
BT;11;true
BT;33;true
BT;8206;false
BT;8208;false
BT;8208;false
BT;8207;false
BT;8206;false
BT;11;true
BT;8206;false
BT;8207;false
BT;8206;false
BT;10;true
BT;8206;false
BT;2299;true
BT;11;true
BT;8206;false
BT;23;true
BT;11;true
BT;14;true
BT;6;true
BT;7;true
BT;342;true
BT;12;true
BT;8;true
BT;23;true
BT;11;true
BT;8206;false
BT;8206;false
BT;146;true
BT;8204;false
BT;10;true
BT;2;true
BT;8;true
BT;23;true
BT;993;true
BT;2;true
BT;13;true
BT;733;true
BT;4255;true
BT;2;true
