Algo;Steps;delayOkay
BT;1182;false
BT;9;true
BT;9;true
BT;9;true
BT;19;true
BT;29;true
BT;6;true
BT;7;true
BT;77;true
BT;1182;false
BT;94;true
BT;1182;false
BT;1181;false
BT;8;true
BT;94;true
BT;663;true
BT;9;true
BT;6;true
BT;1179;false
BT;1180;false
BT;10;true
BT;12;true
BT;2;true
BT;4;true
BT;78;true
BT;9;true
BT;7;true
BT;29;true
BT;29;true
BT;9;true
BT;29;true
BT;13;true
BT;13;true
BT;29;true
BT;7;true
BT;12;true
BT;5;true
BT;8;true
BT;6;true
BT;11;true
BT;19;true
BT;339;true
BT;19;true
BT;2;true
BT;13;true
BT;8;true
BT;142;true
BT;12;true
BT;10;true
BT;77;true
BT;13;true
BT;1182;false
BT;404;true
BT;8;true
BT;9;true
BT;13;true
BT;77;true
BT;2;true
BT;1182;false
BT;11;true
BT;1181;false
BT;77;true
BT;94;true
BT;9;true
BT;6;true
BT;7;true
BT;29;true
BT;10;true
BT;338;true
BT;79;true
BT;9;true
BT;403;true
BT;13;true
BT;19;true
BT;7;true
BT;19;true
BT;29;true
BT;404;true
BT;8;true
BT;30;true
BT;7;true
BT;4;true
BT;8;true
BT;8;true
BT;79;true
BT;12;true
BT;7;true
BT;1180;false
BT;6;true
BT;7;true
BT;12;true
BT;1182;false
BT;9;true
BT;7;true
BT;2;true
BT;9;true
BT;1182;false
BT;15;true
BT;142;true
BT;9;true
