Algo;Steps;delayOkay
BT;20013;false
BT;9;true
BT;20013;false
BT;85;true
BT;20013;false
BT;20013;false
BT;12;true
BT;8;true
BT;26;true
BT;20013;false
BT;2301;true
BT;20013;false
BT;20013;false
BT;20012;false
BT;20011;false
BT;20012;false
BT;20013;false
BT;12;true
BT;20013;false
BT;20013;false
BT;20013;false
BT;14;true
BT;20013;false
BT;344;true
BT;20013;false
BT;20013;false
BT;20013;false
BT;20013;false
BT;20011;false
BT;20013;false
BT;13717;true
BT;5;true
BT;20013;false
BT;10;true
BT;20013;false
BT;84;true
BT;20013;false
BT;20013;false
BT;14;true
BT;4;true
BT;20013;false
BT;20013;false
BT;344;true
BT;12;true
BT;20013;false
BT;20013;false
BT;345;true
BT;20011;false
BT;9;true
BT;20013;false
BT;20013;false
BT;20013;false
BT;17;true
BT;20013;false
BT;20013;false
BT;3931;true
BT;20013;false
BT;9;true
BT;20013;false
BT;20013;false
BT;20013;false
BT;20013;false
BT;2301;true
BT;13;true
BT;8;true
BT;20013;false
BT;20013;false
BT;20013;false
BT;20013;false
BT;20013;false
BT;20013;false
BT;16001;true
BT;20013;false
BT;20013;false
BT;20011;false
BT;20011;false
BT;20013;false
BT;20013;false
BT;11;true
BT;20013;false
BT;20013;false
BT;9;true
BT;671;true
BT;7;true
BT;84;true
BT;20013;false
BT;20013;false
BT;20013;false
BT;20013;false
BT;20013;false
BT;20011;false
BT;20013;false
BT;20012;false
BT;20013;false
BT;15;true
BT;20013;false
BT;8;true
BT;13716;true
BT;20013;false
BT;346;true
