Algo;Steps;delayOkay
BT;390646;false
BT;390646;false
BT;17;true
BT;390646;false
BT;10;true
BT;390646;false
BT;8;true
BT;390646;false
BT;390646;false
BT;390646;false
BT;15;true
BT;14049;true
BT;390646;false
BT;348;true
BT;137021;true
BT;14048;true
BT;390646;false
BT;111906;true
BT;390646;false
BT;390646;false
BT;390646;false
BT;8;true
BT;390646;false
BT;13;true
BT;415;true
BT;390643;false
BT;390646;false
BT;390646;false
BT;14048;true
BT;12;true
BT;390646;false
BT;390645;false
BT;390645;false
BT;16005;true
BT;111906;true
BT;390644;false
BT;390645;false
BT;390644;false
BT;11;true
BT;390645;false
BT;390646;false
BT;390646;false
BT;390643;false
BT;390644;false
BT;674;true
BT;105;true
BT;123321;true
BT;234880;true
BT;390646;false
BT;390646;false
BT;390645;false
BT;390646;false
BT;14048;true
BT;390646;false
BT;153;true
BT;390645;false
BT;390643;false
BT;390646;false
BT;390646;false
BT;15678;true
BT;390646;false
BT;390646;false
BT;125932;true
BT;348;true
BT;390645;false
BT;390646;false
BT;88;true
BT;390646;false
BT;390646;false
BT;390644;false
BT;14048;true
BT;2306;true
BT;30031;true
BT;390645;false
BT;390645;false
BT;390645;false
BT;390646;false
BT;111906;true
BT;29378;true
BT;390645;false
BT;390645;false
BT;88;true
BT;390643;false
BT;27422;true
BT;390646;false
BT;414;true
BT;390645;false
BT;390646;false
BT;390646;false
BT;390643;false
BT;390646;false
BT;153;true
BT;390646;false
BT;390644;false
BT;390645;false
BT;390646;false
BT;390646;false
BT;20;true
BT;111646;true
BT;390646;false
