Algo;Steps;delayOkay
BT;20013;false
BT;20013;false
BT;20013;false
BT;20013;false
BT;20013;false
BT;20013;false
BT;20011;false
BT;20013;false
BT;10;true
BT;344;true
BT;20013;false
BT;20013;false
BT;20013;false
BT;20013;false
BT;16;true
BT;20013;false
BT;344;true
BT;20013;false
BT;10;true
BT;20012;false
BT;11;true
BT;20013;false
BT;20013;false
BT;20013;false
BT;20013;false
BT;20013;false
BT;20013;false
BT;1974;true
BT;20013;false
BT;344;true
BT;2627;true
BT;20013;false
BT;20013;false
BT;20013;false
BT;20013;false
BT;20013;false
BT;20013;false
BT;20013;false
BT;20011;false
BT;20013;false
BT;20013;false
BT;20013;false
BT;20013;false
BT;20013;false
BT;20013;false
BT;20013;false
BT;20013;false
BT;20013;false
BT;20011;false
BT;20013;false
BT;20013;false
BT;20013;false
BT;20013;false
BT;1974;true
BT;20;true
BT;20013;false
BT;20013;false
BT;20013;false
BT;20011;false
BT;20013;false
BT;20013;false
BT;6;true
BT;6;true
BT;101;true
BT;20013;false
BT;13717;true
BT;20013;false
BT;17;true
BT;20013;false
BT;9;true
BT;6;true
BT;19;true
BT;17;true
BT;15;true
BT;11;true
BT;20013;false
BT;1975;true
BT;20013;false
BT;20013;false
BT;20013;false
BT;20013;false
BT;12;true
BT;20013;false
BT;20013;false
BT;9;true
BT;20012;false
BT;20012;false
BT;20013;false
BT;20013;false
BT;20013;false
BT;9;true
BT;8;true
BT;20013;false
BT;8;true
BT;84;true
BT;20013;false
BT;2301;true
BT;13786;true
BT;20013;false
BT;20013;false
