Algo;Steps;delayOkay
BT;342;true
BT;8206;false
BT;8;true
BT;8206;false
BT;669;true
BT;8208;false
BT;12;true
BT;81;true
BT;8206;false
BT;2;true
BT;81;true
BT;10;true
BT;8206;false
BT;10;true
BT;13;true
BT;8208;false
BT;10;true
BT;667;true
BT;2;true
BT;8206;false
BT;98;true
BT;8207;false
BT;8206;false
BT;8206;false
BT;23;true
BT;8206;false
BT;146;true
BT;14;true
BT;33;true
BT;2;true
BT;12;true
BT;407;true
BT;8206;false
BT;81;true
BT;33;true
BT;11;true
BT;12;true
BT;407;true
BT;10;true
BT;2625;true
BT;424;true
BT;11;true
BT;10;true
BT;13;true
BT;7;true
BT;8206;false
BT;33;true
BT;8206;false
BT;18;true
BT;408;true
BT;8207;false
BT;81;true
BT;8206;false
BT;33;true
BT;2038;true
BT;7;true
BT;2316;true
BT;14;true
BT;8206;false
BT;81;true
BT;98;true
BT;19;true
BT;81;true
BT;8206;false
BT;19;true
BT;179;true
BT;13;true
BT;8206;false
BT;8205;false
BT;33;true
BT;2364;true
BT;6;true
BT;13;true
BT;11;true
BT;2;true
BT;8206;false
BT;33;true
BT;81;true
BT;13;true
BT;11;true
BT;11;true
BT;10;true
BT;8208;false
BT;7;true
BT;8207;false
BT;12;true
BT;2299;true
BT;408;true
BT;12;true
BT;11;true
BT;9;true
BT;8206;false
BT;2397;true
BT;11;true
BT;2;true
BT;13;true
BT;146;true
BT;9;true
BT;8207;false
BT;82;true
