Algo;Steps;delayOkay
BT;83;true
BT;345;true
BT;735;true
BT;52443;false
BT;52443;false
BT;51;true
BT;11;true
BT;52445;false
BT;12;true
BT;43073;true
BT;5;true
BT;52443;false
BT;148;true
BT;16066;true
BT;409;true
BT;27417;true
BT;52443;false
BT;14061;true
BT;52445;false
BT;7;true
BT;52445;false
BT;52444;false
BT;7;true
BT;52445;false
BT;52443;false
BT;83;true
BT;7;true
BT;52443;false
BT;27743;true
BT;4;true
BT;7;true
BT;35;true
BT;148;true
BT;52445;false
BT;29373;true
BT;4257;true
BT;52445;false
BT;52443;false
BT;2431;true
BT;2040;true
BT;52445;false
BT;52445;false
BT;52443;false
BT;52445;false
BT;409;true
BT;2;true
BT;52445;false
BT;35;true
BT;6;true
BT;52445;false
BT;5;true
BT;14435;true
BT;343;true
BT;4257;true
BT;10;true
BT;52443;false
BT;344;true
BT;52445;false
BT;85;true
BT;7;true
BT;52443;false
BT;52445;false
BT;52444;false
BT;4;true
BT;52445;false
BT;52445;false
BT;2;true
BT;2040;true
BT;14044;true
BT;52445;false
BT;52444;false
BT;2626;true
BT;670;true
BT;2040;true
BT;52445;false
BT;100;true
BT;2318;true
BT;19;true
BT;100;true
BT;52443;false
BT;4;true
BT;52443;false
BT;7;true
BT;51;true
BT;83;true
BT;25;true
BT;83;true
BT;52443;false
BT;14061;true
BT;25;true
BT;11;true
BT;52444;false
BT;52445;false
BT;7;true
BT;15740;true
BT;474;true
BT;52443;false
BT;52445;false
BT;83;true
BT;426;true
