Algo;Steps;delayOkay
BT;8;true
BT;17;true
BT;9;true
BT;408;true
BT;1971;true
BT;147;true
BT;7;true
BT;49;true
BT;14578;false
BT;14107;true
BT;82;true
BT;33;true
BT;11;true
BT;23;true
BT;11;true
BT;23;true
BT;14577;false
BT;14578;false
BT;81;true
BT;14578;false
BT;14578;false
BT;33;true
BT;341;true
BT;14578;false
BT;14577;false
BT;6;true
BT;14577;false
BT;33;true
BT;2298;true
BT;14576;false
BT;9;true
BT;2038;true
BT;341;true
BT;2;true
BT;14577;false
BT;11;true
BT;341;true
BT;14;true
BT;2298;true
BT;14368;true
BT;14579;false
BT;7;true
BT;4255;true
BT;7;true
BT;342;true
BT;6;true
BT;2038;true
BT;10;true
BT;5;true
BT;1971;true
BT;2;true
BT;2;true
BT;10;true
BT;14578;false
BT;16;true
BT;8;true
BT;5;true
BT;14579;false
BT;10;true
BT;7;true
BT;17;true
BT;10;true
BT;7;true
BT;14577;false
BT;14578;false
BT;14579;false
BT;14;true
BT;14577;false
BT;14577;false
BT;6;true
BT;2364;true
BT;33;true
BT;2298;true
BT;6;true
BT;14578;false
BT;14577;false
BT;2;true
BT;14579;false
BT;8;true
BT;5;true
BT;6;true
BT;6;true
BT;14041;true
BT;10;true
BT;14;true
BT;33;true
BT;10;true
BT;2038;true
BT;82;true
BT;14579;false
BT;9;true
BT;5;true
BT;9;true
BT;14579;false
BT;33;true
BT;11;true
BT;81;true
BT;23;true
BT;19;true
BT;993;true
