Algo;Steps;delayOkay
BT;2301;true
BT;19546;false
BT;19547;false
BT;83;true
BT;19547;false
BT;1973;true
BT;19547;false
BT;19547;false
BT;19547;false
BT;13716;true
BT;100;true
BT;19547;false
BT;19547;false
BT;15;true
BT;19547;false
BT;19547;false
BT;36;true
BT;19548;false
BT;19546;false
BT;35;true
BT;7;true
BT;5;true
BT;9;true
BT;19547;false
BT;19549;false
BT;35;true
BT;19547;false
BT;15673;true
BT;2;true
BT;19547;false
BT;9;true
BT;19547;false
BT;19549;false
BT;9;true
BT;19547;false
BT;19547;false
BT;1975;true
BT;410;true
BT;19547;false
BT;19547;false
BT;2301;true
BT;1974;true
BT;19547;false
BT;19547;false
BT;19546;false
BT;18;true
BT;19547;false
BT;19547;false
BT;19547;false
BT;9;true
BT;19547;false
BT;19546;false
BT;84;true
BT;19547;false
BT;19547;false
BT;669;true
BT;19547;false
BT;9;true
BT;19549;false
BT;35;true
BT;25;true
BT;16000;true
BT;19546;false
BT;6;true
BT;19547;false
BT;409;true
BT;19547;false
BT;19547;false
BT;100;true
BT;19546;false
BT;19547;false
BT;426;true
BT;13;true
BT;19548;false
BT;409;true
BT;19547;false
BT;19547;false
BT;83;true
BT;19549;false
BT;19547;false
BT;6;true
BT;19547;false
BT;83;true
BT;7;true
BT;19547;false
BT;19547;false
BT;19547;false
BT;19547;false
BT;19547;false
BT;19547;false
BT;19547;false
BT;8;true
BT;19547;false
BT;669;true
BT;19547;false
BT;19547;false
BT;19547;false
BT;19547;false
BT;19547;false
BT;345;true
