Algo;Steps;delayOkay
BT;14579;false
BT;14577;false
BT;669;true
BT;2364;true
BT;34;true
BT;33;true
BT;6;true
BT;14577;false
BT;81;true
BT;14577;false
BT;14;true
BT;1990;true
BT;13;true
BT;10;true
BT;14578;false
BT;9;true
BT;5;true
BT;8;true
BT;2316;true
BT;2038;true
BT;13;true
BT;667;true
BT;5;true
BT;8;true
BT;4321;true
BT;667;true
BT;14578;false
BT;9;true
BT;9;true
BT;34;true
BT;10;true
BT;667;true
BT;23;true
BT;9;true
BT;14576;false
BT;81;true
BT;98;true
BT;98;true
BT;14577;false
BT;7;true
BT;23;true
BT;81;true
BT;2429;true
BT;33;true
BT;2;true
BT;14579;false
BT;14578;false
BT;14579;false
BT;8;true
BT;14577;false
BT;81;true
BT;14577;false
BT;14577;false
BT;14;true
BT;17;true
BT;2299;true
BT;15;true
BT;14578;false
BT;7;true
BT;14579;false
BT;14577;false
BT;14577;false
BT;33;true
BT;23;true
BT;10;true
BT;2316;true
BT;23;true
BT;14577;false
BT;33;true
BT;19;true
BT;407;true
BT;10;true
BT;14578;false
BT;14579;false
BT;2;true
BT;14579;false
BT;8;true
BT;98;true
BT;5;true
BT;14577;false
BT;8;true
BT;14042;true
BT;81;true
BT;14579;false
BT;2;true
BT;34;true
BT;14577;false
BT;33;true
BT;14577;false
BT;7;true
BT;14579;false
BT;81;true
BT;13;true
BT;9;true
BT;14578;false
BT;13714;true
BT;9;true
BT;14579;false
BT;14577;false
BT;8;true
