Algo;Steps;delayOkay
BT;1970;true
BT;340;true
BT;4110;false
BT;6;true
BT;7;true
BT;6;true
BT;665;true
BT;4;true
BT;2036;true
BT;4109;false
BT;10;true
BT;340;true
BT;4110;false
BT;339;true
BT;4106;false
BT;7;true
BT;5;true
BT;11;true
BT;665;true
BT;4108;false
BT;4109;false
BT;4108;false
BT;4109;false
BT;13;true
BT;8;true
BT;4109;false
BT;4109;false
BT;5;true
BT;4110;false
BT;4109;false
BT;4110;false
BT;16;true
BT;144;true
BT;5;true
BT;8;true
BT;7;true
BT;4110;false
BT;144;true
BT;7;true
BT;405;true
BT;2;true
BT;144;true
BT;80;true
BT;81;true
BT;7;true
BT;4110;false
BT;7;true
BT;4;true
BT;21;true
BT;1971;true
BT;4110;false
BT;5;true
BT;79;true
BT;7;true
BT;4;true
BT;6;true
BT;4108;false
BT;7;true
BT;2395;true
BT;79;true
BT;7;true
BT;7;true
BT;5;true
BT;96;true
BT;4110;false
BT;8;true
BT;4110;false
BT;6;true
BT;4109;false
BT;31;true
BT;31;true
BT;4110;false
BT;4106;false
BT;8;true
BT;10;true
BT;4109;false
BT;5;true
BT;5;true
BT;5;true
BT;4110;false
BT;406;true
BT;4106;false
BT;4109;false
BT;2;true
BT;145;true
BT;6;true
BT;5;true
BT;665;true
BT;9;true
BT;79;true
BT;2622;true
BT;31;true
BT;4110;false
BT;4110;false
BT;4110;false
BT;4109;false
BT;9;true
BT;7;true
BT;4110;false
BT;32;true
