Algo;Steps;delayOkay
BT;6;true
BT;6;true
BT;2;true
BT;6;true
BT;17;true
BT;10;true
BT;2;true
BT;4;true
BT;17;true
BT;4;true
BT;4;true
BT;98;true
BT;5;true
BT;6;true
BT;92;true
BT;2;true
BT;6;true
BT;4;true
BT;4;true
BT;33;true
BT;17;true
BT;6;true
BT;4;true
BT;17;true
BT;17;true
BT;9;true
BT;28;true
BT;2;true
BT;555;false
BT;2;true
BT;2;true
BT;2;true
BT;2;true
BT;2;true
BT;7;true
BT;43;true
BT;2;true
BT;43;true
BT;2;true
BT;4;true
BT;43;true
BT;92;true
BT;17;true
BT;28;true
BT;4;true
BT;6;true
BT;7;true
BT;4;true
BT;2;true
BT;17;true
BT;4;true
BT;11;true
BT;4;true
BT;4;true
BT;2;true
BT;17;true
BT;556;false
BT;4;true
BT;5;true
BT;4;true
BT;92;true
BT;17;true
BT;92;true
BT;17;true
BT;4;true
BT;4;true
BT;2;true
BT;8;true
BT;2;true
BT;2;true
BT;4;true
BT;2;true
BT;5;true
BT;335;true
BT;6;true
BT;7;true
BT;17;true
BT;4;true
BT;556;false
BT;17;true
BT;92;true
BT;13;true
BT;28;true
BT;2;true
BT;2;true
BT;17;true
BT;6;true
BT;92;true
BT;5;true
BT;556;false
BT;17;true
BT;4;true
BT;17;true
BT;556;false
BT;6;true
BT;6;true
BT;7;true
BT;2;true
BT;13;true
BT;2;true
