Algo;Steps;delayOkay
BT;2;true
BT;2;true
BT;2;true
BT;8;true
BT;8;true
BT;2;true
BT;2;true
BT;95;true
BT;2;true
BT;7;true
BT;6;true
BT;95;true
BT;31;true
BT;6;true
BT;20;true
BT;8;true
BT;20;true
BT;2;true
BT;2;true
BT;46;true
BT;7;true
BT;15;true
BT;95;true
BT;2;true
BT;20;true
BT;2;true
BT;2;true
BT;1760;false
BT;7;true
BT;8;true
BT;2;true
BT;11;true
BT;2;true
BT;6;true
BT;1761;false
BT;7;true
BT;10;true
BT;12;true
BT;2;true
BT;95;true
BT;5;true
BT;10;true
BT;20;true
BT;46;true
BT;11;true
BT;2;true
BT;372;true
BT;6;true
BT;20;true
BT;1760;false
BT;8;true
BT;14;true
BT;13;true
BT;1761;false
BT;9;true
BT;31;true
BT;9;true
BT;20;true
BT;5;true
BT;8;true
BT;6;true
BT;5;true
BT;20;true
BT;20;true
BT;469;true
BT;2;true
BT;6;true
BT;6;true
BT;2;true
BT;2;true
BT;11;true
BT;10;true
BT;20;true
BT;356;true
BT;2;true
BT;13;true
BT;2;true
BT;1761;false
BT;5;true
BT;9;true
BT;208;true
BT;2;true
BT;20;true
BT;20;true
BT;6;true
BT;7;true
BT;5;true
BT;2;true
BT;7;true
BT;2;true
BT;5;true
BT;7;true
BT;6;true
BT;5;true
BT;7;true
BT;2;true
BT;10;true
BT;8;true
BT;31;true
BT;2;true
