Algo;Steps;delayOkay
BT;34;true
BT;34;true
BT;14579;false
BT;2038;true
BT;7;true
BT;4;true
BT;14579;false
BT;6;true
BT;14577;false
BT;12;true
BT;14579;false
BT;4255;true
BT;4;true
BT;34;true
BT;7;true
BT;17;true
BT;407;true
BT;14;true
BT;14579;false
BT;14577;false
BT;14578;false
BT;5;true
BT;4581;true
BT;14579;false
BT;33;true
BT;17;true
BT;14042;true
BT;98;true
BT;33;true
BT;14579;false
BT;14577;false
BT;4255;true
BT;5;true
BT;33;true
BT;81;true
BT;3929;true
BT;14579;false
BT;14579;false
BT;6;true
BT;14578;false
BT;14577;false
BT;3928;true
BT;12;true
BT;14579;false
BT;81;true
BT;7;true
BT;23;true
BT;375;true
BT;33;true
BT;7;true
BT;6;true
BT;9;true
BT;17;true
BT;14577;false
BT;98;true
BT;9;true
BT;11;true
BT;4;true
BT;7;true
BT;10;true
BT;407;true
BT;14579;false
BT;14577;false
BT;7;true
BT;407;true
BT;14576;false
BT;16;true
BT;14577;false
BT;34;true
BT;14579;false
BT;23;true
BT;146;true
BT;14577;false
BT;2;true
BT;5;true
BT;9;true
BT;14577;false
BT;14577;false
BT;7;true
BT;14579;false
BT;4907;true
BT;9;true
BT;14578;false
BT;3928;true
BT;14577;false
BT;2625;true
BT;14059;true
BT;14579;false
BT;33;true
BT;19;true
BT;14577;false
BT;14579;false
BT;7;true
BT;33;true
BT;81;true
BT;2038;true
BT;13713;true
BT;11;true
BT;14577;false
BT;14579;false
