Algo;Steps;delayOkay
BT;668;true
BT;81;true
BT;99;true
BT;13;true
BT;14577;false
BT;14041;true
BT;9;true
BT;14577;false
BT;17;true
BT;6;true
BT;14577;false
BT;82;true
BT;10;true
BT;14578;false
BT;14577;false
BT;49;true
BT;98;true
BT;14578;false
BT;10;true
BT;14579;false
BT;13715;true
BT;9;true
BT;34;true
BT;8;true
BT;14577;false
BT;2038;true
BT;14577;false
BT;14578;false
BT;342;true
BT;14579;false
BT;14579;false
BT;2298;true
BT;7;true
BT;81;true
BT;14577;false
BT;14577;false
BT;12;true
BT;146;true
BT;14189;true
BT;341;true
BT;2;true
BT;14579;false
BT;8;true
BT;10;true
BT;8;true
BT;14577;false
BT;14577;false
BT;14578;false
BT;33;true
BT;8;true
BT;14579;false
BT;11;true
BT;14577;false
BT;14577;false
BT;14107;true
BT;407;true
BT;12;true
BT;11;true
BT;14577;false
BT;667;true
BT;2;true
BT;408;true
BT;83;true
BT;14579;false
BT;6;true
BT;12;true
BT;9;true
BT;667;true
BT;408;true
BT;341;true
BT;98;true
BT;407;true
BT;14041;true
BT;23;true
BT;14578;false
BT;9;true
BT;8;true
BT;6;true
BT;98;true
BT;14041;true
BT;407;true
BT;33;true
BT;49;true
BT;9;true
BT;10;true
BT;17;true
BT;81;true
BT;23;true
BT;341;true
BT;667;true
BT;14577;false
BT;14577;false
BT;668;true
BT;33;true
BT;1971;true
BT;2364;true
BT;16;true
BT;11;true
BT;2038;true
BT;2298;true
