Algo;Steps;delayOkay
BT;18;true
BT;407;true
BT;14577;false
BT;14577;false
BT;33;true
BT;341;true
BT;15;true
BT;14577;false
BT;33;true
BT;8;true
BT;14107;true
BT;9;true
BT;14577;false
BT;14433;true
BT;146;true
BT;14577;false
BT;14579;false
BT;81;true
BT;33;true
BT;33;true
BT;5;true
BT;14575;false
BT;23;true
BT;7;true
BT;2364;true
BT;33;true
BT;33;true
BT;8;true
BT;2316;true
BT;4;true
BT;81;true
BT;7;true
BT;7;true
BT;81;true
BT;10;true
BT;342;true
BT;14577;false
BT;34;true
BT;81;true
BT;14578;false
BT;2055;true
BT;7060;true
BT;23;true
BT;4256;true
BT;14576;false
BT;7;true
BT;342;true
BT;14579;false
BT;14579;false
BT;14579;false
BT;14578;false
BT;81;true
BT;8;true
BT;98;true
BT;8;true
BT;11;true
BT;2364;true
BT;98;true
BT;407;true
BT;14579;false
BT;14577;false
BT;5;true
BT;82;true
BT;3928;true
BT;14577;false
BT;667;true
BT;81;true
BT;14579;false
BT;2;true
BT;2298;true
BT;18;true
BT;81;true
BT;667;true
BT;2;true
BT;33;true
BT;82;true
BT;2055;true
BT;6;true
BT;2298;true
BT;2625;true
BT;13;true
BT;2299;true
BT;98;true
BT;2038;true
BT;2;true
BT;14579;false
BT;19;true
BT;23;true
BT;4;true
BT;14578;false
BT;12;true
BT;16;true
BT;12;true
BT;14579;false
BT;11;true
BT;7;true
BT;6;true
BT;17;true
BT;14579;false
BT;14578;false
