Algo;Steps;delayOkay
BT;3929;true
BT;8208;false
BT;8207;false
BT;8206;false
BT;341;true
BT;16;true
BT;8206;false
BT;8208;false
BT;8208;false
BT;1972;true
BT;15;true
BT;15;true
BT;8208;false
BT;211;true
BT;8208;false
BT;8208;false
BT;14;true
BT;8208;false
BT;8206;false
BT;8208;false
BT;19;true
BT;8208;false
BT;8208;false
BT;8205;false
BT;7;true
BT;407;true
BT;8206;false
BT;18;true
BT;14;true
BT;8206;false
BT;15;true
BT;2;true
BT;14;true
BT;8207;false
BT;9;true
BT;8206;false
BT;8206;false
BT;8206;false
BT;2381;true
BT;8208;false
BT;3930;true
BT;18;true
BT;8208;false
BT;8206;false
BT;211;true
BT;8208;false
BT;2;true
BT;8208;false
BT;8208;false
BT;16;true
BT;8208;false
BT;8206;false
BT;17;true
BT;8208;false
BT;11;true
BT;4;true
BT;8207;false
BT;2;true
BT;342;true
BT;8208;false
BT;8207;false
BT;1972;true
BT;8207;false
BT;2300;true
BT;8207;false
BT;34;true
BT;16;true
BT;7842;true
BT;8208;false
BT;2950;true
BT;8208;false
BT;8206;false
BT;8208;false
BT;8208;false
BT;3928;true
BT;8208;false
BT;8208;false
BT;8207;false
BT;211;true
BT;13;true
BT;8206;false
BT;16;true
BT;2381;true
BT;8208;false
BT;8208;false
BT;8208;false
BT;8208;false
BT;8206;false
BT;8208;false
BT;16;true
BT;8207;false
BT;8206;false
BT;343;true
BT;18;true
BT;14;true
BT;8208;false
BT;8208;false
BT;8206;false
BT;537;true
BT;8208;false
