Algo;Steps;delayOkay
BT;8208;false
BT;8208;false
BT;82;true
BT;8208;false
BT;34;true
BT;8208;false
BT;8208;false
BT;8206;false
BT;359;true
BT;8207;false
BT;12;true
BT;15;true
BT;8208;false
BT;8208;false
BT;1319;true
BT;8206;false
BT;33;true
BT;8208;false
BT;15;true
BT;8206;false
BT;8207;false
BT;83;true
BT;8208;false
BT;8206;false
BT;8208;false
BT;8208;false
BT;18;true
BT;8208;false
BT;12;true
BT;993;true
BT;343;true
BT;8207;false
BT;8206;false
BT;8208;false
BT;8208;false
BT;342;true
BT;8208;false
BT;16;true
BT;19;true
BT;82;true
BT;83;true
BT;8208;false
BT;8207;false
BT;8208;false
BT;18;true
BT;8208;false
BT;8208;false
BT;8207;false
BT;81;true
BT;8208;false
BT;8206;false
BT;8208;false
BT;8206;false
BT;15;true
BT;6;true
BT;8208;false
BT;18;true
BT;8208;false
BT;8208;false
BT;8206;false
BT;8206;false
BT;8207;false
BT;2;true
BT;1974;true
BT;8207;false
BT;49;true
BT;17;true
BT;8;true
BT;8208;false
BT;8208;false
BT;8207;false
BT;8207;false
BT;8207;false
BT;17;true
BT;8208;false
BT;8208;false
BT;8207;false
BT;16;true
BT;8208;false
BT;13;true
BT;8206;false
BT;211;true
BT;8208;false
BT;8207;false
BT;14;true
BT;8;true
BT;8208;false
BT;8206;false
BT;6;true
BT;17;true
BT;16;true
BT;14;true
BT;4060;true
BT;6;true
BT;8208;false
BT;15;true
BT;407;true
BT;8208;false
BT;344;true
BT;8208;false
