Algo;Steps;delayOkay
BT;8206;false
BT;8207;false
BT;211;true
BT;8208;false
BT;8208;false
BT;34;true
BT;8208;false
BT;17;true
BT;8208;false
BT;8206;false
BT;10;true
BT;343;true
BT;8207;false
BT;8206;false
BT;16;true
BT;8207;false
BT;667;true
BT;2;true
BT;34;true
BT;8208;false
BT;8207;false
BT;8208;false
BT;8206;false
BT;8208;false
BT;2;true
BT;19;true
BT;8208;false
BT;13;true
BT;13;true
BT;8207;false
BT;8207;false
BT;8208;false
BT;146;true
BT;8206;false
BT;7842;true
BT;98;true
BT;211;true
BT;16;true
BT;211;true
BT;6;true
BT;8208;false
BT;8207;false
BT;11;true
BT;8208;false
BT;15;true
BT;7;true
BT;8208;false
BT;14;true
BT;1972;true
BT;8206;false
BT;8208;false
BT;13;true
BT;8206;false
BT;11;true
BT;8208;false
BT;8208;false
BT;8206;false
BT;8207;false
BT;18;true
BT;17;true
BT;8206;false
BT;19;true
BT;8206;false
BT;8207;false
BT;8208;false
BT;1991;true
BT;24;true
BT;18;true
BT;18;true
BT;8208;false
BT;8206;false
BT;8208;false
BT;407;true
BT;8207;false
BT;8206;false
BT;8208;false
BT;8208;false
BT;81;true
BT;8208;false
BT;5;true
BT;33;true
BT;667;true
BT;6;true
BT;8206;false
BT;10;true
BT;8208;false
BT;8208;false
BT;15;true
BT;8208;false
BT;8207;false
BT;13;true
BT;8206;false
BT;1319;true
BT;8206;false
BT;8207;false
BT;8206;false
BT;8208;false
BT;8207;false
BT;146;true
BT;8207;false
