Algo;Steps;delayOkay
BT;33;true
BT;14578;false
BT;14577;false
BT;7;true
BT;5;true
BT;9;true
BT;14577;false
BT;83;true
BT;23;true
BT;8;true
BT;6;true
BT;8;true
BT;2316;true
BT;34;true
BT;2950;true
BT;14579;false
BT;33;true
BT;6;true
BT;2;true
BT;98;true
BT;14579;false
BT;2038;true
BT;6;true
BT;15;true
BT;33;true
BT;2316;true
BT;9;true
BT;2039;true
BT;14579;false
BT;14041;true
BT;9;true
BT;7;true
BT;1972;true
BT;1973;true
BT;82;true
BT;341;true
BT;10;true
BT;8;true
BT;14577;false
BT;12;true
BT;343;true
BT;6;true
BT;14577;false
BT;6;true
BT;14579;false
BT;667;true
BT;23;true
BT;13781;true
BT;14577;false
BT;34;true
BT;9;true
BT;23;true
BT;2;true
BT;14577;false
BT;23;true
BT;146;true
BT;2316;true
BT;146;true
BT;9;true
BT;10;true
BT;9;true
BT;33;true
BT;6;true
BT;342;true
BT;2299;true
BT;13;true
BT;7;true
BT;14579;false
BT;7;true
BT;8;true
BT;82;true
BT;33;true
BT;33;true
BT;4;true
BT;14577;false
BT;342;true
BT;5;true
BT;14579;false
BT;146;true
BT;13;true
BT;33;true
BT;4;true
BT;33;true
BT;5;true
BT;2;true
BT;14577;false
BT;33;true
BT;33;true
BT;81;true
BT;3929;true
BT;14578;false
BT;2624;true
BT;9;true
BT;5;true
BT;83;true
BT;14579;false
BT;10;true
BT;2381;true
BT;6;true
BT;14579;false
