Algo;Steps;delayOkay
BT;8;true
BT;13136;false
BT;13136;false
BT;2055;true
BT;23;true
BT;424;true
BT;23;true
BT;81;true
BT;7;true
BT;147;true
BT;23;true
BT;23;true
BT;7;true
BT;9;true
BT;9;true
BT;9;true
BT;83;true
BT;13136;false
BT;2;true
BT;5;true
BT;98;true
BT;9;true
BT;7;true
BT;2;true
BT;7;true
BT;9;true
BT;7;true
BT;9;true
BT;2429;true
BT;23;true
BT;8;true
BT;7;true
BT;2;true
BT;98;true
BT;12;true
BT;9;true
BT;2;true
BT;424;true
BT;12;true
BT;7;true
BT;994;true
BT;23;true
BT;8;true
BT;349;true
BT;34;true
BT;13136;false
BT;2;true
BT;49;true
BT;8;true
BT;9;true
BT;23;true
BT;7;true
BT;2;true
BT;23;true
BT;6;true
BT;5;true
BT;7;true
BT;11;true
BT;2;true
BT;5;true
BT;23;true
BT;5;true
BT;7;true
BT;5;true
BT;359;true
BT;15;true
BT;5;true
BT;440;true
BT;2316;true
BT;23;true
BT;13136;false
BT;13136;false
BT;6;true
BT;23;true
BT;12;true
BT;4647;true
BT;8;true
BT;49;true
BT;23;true
BT;2;true
BT;5;true
BT;2;true
BT;23;true
BT;98;true
BT;13;true
BT;2;true
BT;7;true
BT;23;true
BT;2;true
BT;2381;true
BT;7;true
BT;2;true
BT;2316;true
BT;11;true
BT;17;true
BT;98;true
BT;98;true
BT;17;true
BT;7;true
BT;2;true
