Algo;Steps;delayOkay
BT;2607;false
BT;2607;false
BT;2607;false
BT;2607;false
BT;2607;false
BT;2607;false
BT;2364;true
BT;2607;false
BT;2607;false
BT;2607;false
BT;2607;false
BT;2607;false
BT;2607;false
BT;2607;false
BT;2607;false
BT;8;true
BT;2607;false
BT;2607;false
BT;2607;false
BT;2607;false
BT;2607;false
BT;1972;true
BT;341;true
BT;407;true
BT;2607;false
BT;2607;false
BT;81;true
BT;2606;false
BT;2606;false
BT;2607;false
BT;2607;false
BT;19;true
BT;2607;false
BT;1972;true
BT;8;true
BT;23;true
BT;2607;false
BT;2607;false
BT;2607;false
BT;6;true
BT;81;true
BT;2607;false
BT;2607;false
BT;2607;false
BT;2607;false
BT;2607;false
BT;341;true
BT;2607;false
BT;2607;false
BT;2607;false
BT;10;true
BT;2607;false
BT;2607;false
BT;81;true
BT;6;true
BT;2607;false
BT;4;true
BT;407;true
BT;2607;false
BT;2607;false
BT;2607;false
BT;2607;false
BT;2607;false
BT;14;true
BT;2607;false
BT;2607;false
BT;2606;false
BT;2607;false
BT;2607;false
BT;341;true
BT;2607;false
BT;2607;false
BT;2607;false
BT;342;true
BT;2607;false
BT;2607;false
BT;2607;false
BT;2607;false
BT;7;true
BT;2607;false
BT;11;true
BT;342;true
BT;8;true
BT;2298;true
BT;98;true
BT;2607;false
BT;2605;false
BT;2606;false
BT;2607;false
BT;2607;false
BT;19;true
BT;2607;false
BT;2607;false
BT;2607;false
BT;9;true
BT;2607;false
BT;2607;false
BT;2607;false
BT;2606;false
BT;2607;false
