Algo;Steps;delayOkay
BT;5;true
BT;1053;false
BT;78;true
BT;4;true
BT;1053;false
BT;1054;false
BT;1053;false
BT;11;true
BT;4;true
BT;1053;false
BT;338;true
BT;78;true
BT;16;true
BT;7;true
BT;404;true
BT;1053;false
BT;4;true
BT;1053;false
BT;78;true
BT;5;true
BT;1053;false
BT;1055;false
BT;1053;false
BT;15;true
BT;1055;false
BT;9;true
BT;8;true
BT;1055;false
BT;30;true
BT;1053;false
BT;664;true
BT;1053;false
BT;1054;false
BT;1053;false
BT;9;true
BT;1055;false
BT;1053;false
BT;8;true
BT;9;true
BT;1055;false
BT;1053;false
BT;143;true
BT;1053;false
BT;1053;false
BT;10;true
BT;1053;false
BT;1054;false
BT;1054;false
BT;13;true
BT;2;true
BT;1054;false
BT;1053;false
BT;1054;false
BT;1053;false
BT;80;true
BT;30;true
BT;1055;false
BT;1055;false
BT;1055;false
BT;8;true
BT;12;true
BT;1053;false
BT;7;true
BT;11;true
BT;1055;false
BT;7;true
BT;1053;false
BT;1053;false
BT;7;true
BT;1053;false
BT;5;true
BT;8;true
BT;1053;false
BT;1053;false
BT;9;true
BT;1055;false
BT;6;true
BT;8;true
BT;78;true
BT;79;true
BT;1055;false
BT;6;true
BT;1053;false
BT;1053;false
BT;6;true
BT;338;true
BT;1055;false
BT;13;true
BT;404;true
BT;339;true
BT;5;true
BT;79;true
BT;1053;false
BT;6;true
BT;1053;false
BT;12;true
BT;1053;false
BT;9;true
BT;338;true
BT;30;true
