Algo;Steps;delayOkay
BT;75;true
BT;12;true
BT;5;true
BT;350;false
BT;7;true
BT;17;true
BT;75;true
BT;5;true
BT;6;true
BT;352;false
BT;27;true
BT;27;true
BT;17;true
BT;4;true
BT;5;true
BT;27;true
BT;92;true
BT;5;true
BT;352;false
BT;351;false
BT;352;false
BT;7;true
BT;9;true
BT;2;true
BT;6;true
BT;4;true
BT;92;true
BT;351;false
BT;27;true
BT;27;true
BT;6;true
BT;4;true
BT;4;true
BT;4;true
BT;4;true
BT;2;true
BT;5;true
BT;350;false
BT;336;true
BT;7;true
BT;352;false
BT;27;true
BT;27;true
BT;351;false
BT;10;true
BT;17;true
BT;7;true
BT;28;true
BT;28;true
BT;7;true
BT;352;false
BT;5;true
BT;27;true
BT;27;true
BT;17;true
BT;76;true
BT;9;true
BT;352;false
BT;4;true
BT;9;true
BT;7;true
BT;7;true
BT;5;true
BT;4;true
BT;27;true
BT;9;true
BT;27;true
BT;352;false
BT;27;true
BT;5;true
BT;10;true
BT;7;true
BT;27;true
BT;5;true
BT;75;true
BT;352;false
BT;336;true
BT;2;true
BT;92;true
BT;4;true
BT;75;true
BT;2;true
BT;75;true
BT;5;true
BT;5;true
BT;92;true
BT;350;false
BT;352;false
BT;336;true
BT;351;false
BT;352;false
BT;27;true
BT;6;true
BT;75;true
BT;7;true
BT;352;false
BT;336;true
BT;8;true
BT;75;true
BT;4;true
