Algo;Steps;delayOkay
BT;7;true
BT;2298;true
BT;2;true
BT;7;true
BT;33;true
BT;13;true
BT;12;true
BT;407;true
BT;14578;false
BT;9;true
BT;2298;true
BT;2381;true
BT;2690;true
BT;15;true
BT;8;true
BT;2038;true
BT;98;true
BT;14578;false
BT;343;true
BT;14577;false
BT;16;true
BT;2038;true
BT;9;true
BT;14579;false
BT;14579;false
BT;5;true
BT;407;true
BT;14579;false
BT;6;true
BT;23;true
BT;82;true
BT;9;true
BT;14579;false
BT;472;true
BT;14578;false
BT;81;true
BT;472;true
BT;33;true
BT;8;true
BT;14577;false
BT;4255;true
BT;33;true
BT;14577;false
BT;3928;true
BT;14577;false
BT;12;true
BT;14577;false
BT;5885;true
BT;2364;true
BT;14579;false
BT;146;true
BT;13781;true
BT;33;true
BT;14577;false
BT;17;true
BT;13781;true
BT;16;true
BT;11;true
BT;407;true
BT;6;true
BT;4255;true
BT;146;true
BT;1972;true
BT;12;true
BT;2381;true
BT;14576;false
BT;14578;false
BT;5;true
BT;7;true
BT;7;true
BT;81;true
BT;33;true
BT;14;true
BT;2300;true
BT;342;true
BT;146;true
BT;9;true
BT;2;true
BT;98;true
BT;9;true
BT;14577;false
BT;5885;true
BT;2;true
BT;8;true
BT;472;true
BT;2299;true
BT;9;true
BT;14578;false
BT;2299;true
BT;81;true
BT;14578;false
BT;472;true
BT;1972;true
BT;11;true
BT;343;true
BT;23;true
BT;11;true
BT;667;true
BT;10;true
BT;23;true
