Algo;Steps;delayOkay
BT;34;true
BT;3929;true
BT;2;true
BT;146;true
BT;23;true
BT;407;true
BT;14;true
BT;14577;false
BT;33;true
BT;667;true
BT;14578;false
BT;23;true
BT;14578;false
BT;10;true
BT;11;true
BT;8;true
BT;7;true
BT;10;true
BT;2624;true
BT;14578;false
BT;2298;true
BT;14577;false
BT;407;true
BT;2;true
BT;14577;false
BT;14579;false
BT;6;true
BT;8;true
BT;14579;false
BT;14579;false
BT;14578;false
BT;407;true
BT;34;true
BT;2;true
BT;14368;true
BT;9;true
BT;9;true
BT;33;true
BT;1971;true
BT;14577;false
BT;2299;true
BT;7;true
BT;81;true
BT;14577;false
BT;7;true
BT;407;true
BT;33;true
BT;14579;false
BT;2;true
BT;14579;false
BT;2;true
BT;7;true
BT;8;true
BT;81;true
BT;23;true
BT;9;true
BT;2071;true
BT;341;true
BT;5;true
BT;17;true
BT;3930;true
BT;18;true
BT;14579;false
BT;14577;false
BT;14578;false
BT;16;true
BT;407;true
BT;1971;true
BT;9;true
BT;7;true
BT;14577;false
BT;407;true
BT;14577;false
BT;98;true
BT;33;true
BT;10;true
BT;23;true
BT;3928;true
BT;14578;false
BT;146;true
BT;81;true
BT;2038;true
BT;10;true
BT;11;true
BT;472;true
BT;9;true
BT;4;true
BT;2;true
BT;98;true
BT;11;true
BT;33;true
BT;33;true
BT;14577;false
BT;14578;false
BT;14579;false
BT;104;true
BT;1972;true
BT;2055;true
BT;2316;true
BT;33;true
