Algo;Steps;delayOkay
BT;5;true
BT;2;true
BT;165;false
BT;165;false
BT;11;true
BT;165;false
BT;6;true
BT;8;true
BT;165;false
BT;7;true
BT;7;true
BT;11;true
BT;2;true
BT;13;true
BT;9;true
BT;8;true
BT;12;true
BT;2;true
BT;78;true
BT;8;true
BT;166;false
BT;5;true
BT;30;true
BT;11;true
BT;5;true
BT;78;true
BT;13;true
BT;9;true
BT;5;true
BT;8;true
BT;95;true
BT;2;true
BT;7;true
BT;14;true
BT;12;true
BT;2;true
BT;2;true
BT;13;true
BT;78;true
BT;8;true
BT;78;true
BT;2;true
BT;9;true
BT;9;true
BT;2;true
BT;8;true
BT;11;true
BT;2;true
BT;14;true
BT;11;true
BT;12;true
BT;2;true
BT;15;true
BT;13;true
BT;6;true
BT;95;true
BT;96;true
BT;9;true
BT;9;true
BT;8;true
BT;8;true
BT;13;true
BT;13;true
BT;2;true
BT;165;false
BT;2;true
BT;12;true
BT;7;true
BT;15;true
BT;12;true
BT;15;true
BT;2;true
BT;15;true
BT;14;true
BT;2;true
BT;15;true
BT;167;false
BT;5;true
BT;12;true
BT;10;true
BT;7;true
BT;2;true
BT;10;true
BT;165;false
BT;14;true
BT;9;true
BT;14;true
BT;2;true
BT;78;true
BT;5;true
BT;2;true
BT;11;true
BT;8;true
BT;165;false
BT;12;true
BT;2;true
BT;2;true
BT;165;false
BT;165;false
BT;11;true
