Algo;Steps;delayOkay
BT;114;true
BT;6;true
BT;11;true
BT;8;true
BT;14579;false
BT;2;true
BT;8;true
BT;114;true
BT;17;true
BT;14577;false
BT;10;true
BT;2364;true
BT;12;true
BT;14;true
BT;14579;false
BT;5233;true
BT;19;true
BT;14577;false
BT;14;true
BT;2;true
BT;1990;true
BT;14579;false
BT;472;true
BT;13713;true
BT;14578;false
BT;341;true
BT;7;true
BT;14;true
BT;2298;true
BT;863;true
BT;114;true
BT;993;true
BT;11;true
BT;15;true
BT;14578;false
BT;7;true
BT;8;true
BT;8;true
BT;8;true
BT;14577;false
BT;14579;false
BT;2306;true
BT;18;true
BT;33;true
BT;13733;true
BT;6;true
BT;14577;false
BT;14578;false
BT;3932;true
BT;49;true
BT;14579;false
BT;667;true
BT;14579;false
BT;667;true
BT;81;true
BT;6;true
BT;114;true
BT;2383;true
BT;2;true
BT;14577;false
BT;15;true
BT;8;true
BT;9;true
BT;1975;true
BT;13713;true
BT;6;true
BT;14579;false
BT;2;true
BT;7;true
BT;18;true
BT;49;true
BT;2;true
BT;16;true
BT;10;true
BT;9;true
BT;14577;false
BT;19;true
BT;6;true
BT;114;true
BT;14578;false
BT;7190;true
BT;33;true
BT;33;true
BT;23;true
BT;19;true
BT;14579;false
BT;23;true
BT;14579;false
BT;14579;false
BT;14577;false
BT;12;true
BT;12;true
BT;11;true
BT;14;true
BT;14579;false
BT;14579;false
BT;18;true
BT;14577;false
BT;2299;true
BT;14577;false
