Algo;Steps;delayOkay
BT;11;true
BT;9;true
BT;5;true
BT;98;true
BT;7;true
BT;7;true
BT;7;true
BT;13136;false
BT;13136;false
BT;7;true
BT;23;true
BT;5;true
BT;13135;false
BT;5;true
BT;23;true
BT;8;true
BT;98;true
BT;2;true
BT;7;true
BT;8;true
BT;10;true
BT;98;true
BT;98;true
BT;23;true
BT;9;true
BT;23;true
BT;98;true
BT;13134;false
BT;49;true
BT;2;true
BT;9;true
BT;81;true
BT;13;true
BT;8;true
BT;98;true
BT;39;true
BT;2381;true
BT;701;true
BT;9;true
BT;2;true
BT;19;true
BT;8;true
BT;8;true
BT;98;true
BT;23;true
BT;49;true
BT;2;true
BT;34;true
BT;23;true
BT;49;true
BT;9;true
BT;98;true
BT;14;true
BT;2332;true
BT;5;true
BT;49;true
BT;2;true
BT;23;true
BT;98;true
BT;2;true
BT;15;true
BT;23;true
BT;2;true
BT;2381;true
BT;10;true
BT;23;true
BT;49;true
BT;12;true
BT;98;true
BT;2;true
BT;2;true
BT;23;true
BT;23;true
BT;49;true
BT;8;true
BT;7;true
BT;7;true
BT;34;true
BT;16;true
BT;23;true
BT;49;true
BT;7;true
BT;12;true
BT;2;true
BT;13136;false
BT;2429;true
BT;49;true
BT;23;true
BT;23;true
BT;2;true
BT;9;true
BT;2;true
BT;49;true
BT;23;true
BT;7;true
BT;9;true
BT;10;true
BT;7;true
BT;8;true
BT;23;true
