Algo;Steps;delayOkay
BT;19;true
BT;11;true
BT;2;true
BT;6;true
BT;2;true
BT;1971;true
BT;19;true
BT;33;true
BT;14577;false
BT;23;true
BT;17;true
BT;14579;false
BT;16;true
BT;11;true
BT;10;true
BT;98;true
BT;23;true
BT;2;true
BT;14578;false
BT;407;true
BT;407;true
BT;17;true
BT;49;true
BT;6;true
BT;407;true
BT;11;true
BT;23;true
BT;19;true
BT;16;true
BT;6;true
BT;23;true
BT;8;true
BT;16;true
BT;10;true
BT;14579;false
BT;114;true
BT;15;true
BT;472;true
BT;11;true
BT;14577;false
BT;14577;false
BT;14577;false
BT;14579;false
BT;14577;false
BT;18;true
BT;9;true
BT;6;true
BT;1973;true
BT;10;true
BT;407;true
BT;14577;false
BT;14578;false
BT;19;true
BT;345;true
BT;8;true
BT;14577;false
BT;14577;false
BT;2;true
BT;49;true
BT;12;true
BT;14579;false
BT;114;true
BT;11;true
BT;14579;false
BT;49;true
BT;2367;true
BT;14;true
BT;7;true
BT;2298;true
BT;9;true
BT;14579;false
BT;14579;false
BT;23;true
BT;11;true
BT;49;true
BT;14577;false
BT;5;true
BT;4;true
BT;211;true
BT;2;true
BT;14577;false
BT;16;true
BT;49;true
BT;2;true
BT;8;true
BT;12;true
BT;14579;false
BT;49;true
BT;11;true
BT;7;true
BT;14578;false
BT;3928;true
BT;472;true
BT;1971;true
BT;12;true
BT;7;true
BT;1973;true
BT;14578;false
BT;10;true
BT;14579;false
